GHO (CODE),GHO (DISPLAY),GHO (URL),PUBLISHSTATE (CODE),PUBLISHSTATE (DISPLAY),PUBLISHSTATE (URL),YEAR (CODE),YEAR (DISPLAY),YEAR (URL),REGION (CODE),REGION (DISPLAY),REGION (URL),COUNTRY (CODE),STARTYEAR,ENDYEAR,COUNTRY (DISPLAY),COUNTRY (URL),AGEGROUP (CODE),AGEGROUP (DISPLAY),AGEGROUP (URL),SEX (CODE),SEX (DISPLAY),SEX (URL),Display Value,Numeric,Low,High,StdErr,StdDev,Comments
#indicator+code,#indicator+name,#indicator+url,#status+code,#status+name,,,#date+year,,#region+code,#region+name,,#country+code,#date+year+start,#date+year+end,#country+name,,,,,#sex+code,#sex+name,,,#indicator+value+num,,,,,
CHILDMORT10TO19,Adolescent mortality rate (per 1 000 age specific cohort),,PUBLISHED,Published,,1990,1990,,SEAR,South-East Asia,,BTN,1990,1990,Bhutan,,YEARS10-14,10-14 years of age,,FMLE,Female,,1.76 [0.36-11.44],1.76059,0.36070,11.44152,,,
CHILDMORT10TO19,Adolescent mortality rate (per 1 000 age specific cohort),,PUBLISHED,Published,,1991,1991,,SEAR,South-East Asia,,BTN,1991,1991,Bhutan,,YEARS10-14,10-14 years of age,,FMLE,Female,,1.86 [0.37-10.22],1.86319,0.36719,10.22174,,,
CHILDMORT10TO19,Adolescent mortality rate (per 1 000 age specific cohort),,PUBLISHED,Published,,1992,1992,,SEAR,South-East Asia,,BTN,1992,1992,Bhutan,,YEARS10-14,10-14 years of age,,FMLE,Female,,1.98 [0.35-9.08],1.97718,0.35333,9.07831,,,
CHILDMORT10TO19,Adolescent mortality rate (per 1 000 age specific cohort),,PUBLISHED,Published,,1993,1993,,SEAR,South-East Asia,,BTN,1993,1993,Bhutan,,YEARS10-14,10-14 years of age,,FMLE,Female,,2.1 [0.36-8.43],2.09938,0.36427,8.42743,,,
CHILDMORT10TO19,Adolescent mortality rate (per 1 000 age specific cohort),,PUBLISHED,Published,,1994,1994,,SEAR,South-East Asia,,BTN,1994,1994,Bhutan,,YEARS10-14,10-14 years of age,,FMLE,Female,,2.22 [0.36-8.07],2.22329,0.35705,8.06698,,,
CHILDMORT10TO19,Adolescent mortality rate (per 1 000 age specific cohort),,PUBLISHED,Published,,1995,1995,,SEAR,South-East Asia,,BTN,1995,1995,Bhutan,,YEARS10-14,10-14 years of age,,FMLE,Female,,2.36 [0.37-7.98],2.36246,0.37019,7.97968,,,
CHILDMORT10TO19,Adolescent mortality rate (per 1 000 age specific cohort),,PUBLISHED,Published,,1996,1996,,SEAR,South-East Asia,,BTN,1996,1996,Bhutan,,YEARS10-14,10-14 years of age,,FMLE,Female,,2.51 [0.42-7.97],2.50561,0.42008,7.96875,,,
CHILDMORT10TO19,Adolescent mortality rate (per 1 000 age specific cohort),,PUBLISHED,Published,,1997,1997,,SEAR,South-East Asia,,BTN,1997,1997,Bhutan,,YEARS10-14,10-14 years of age,,FMLE,Female,,2.66 [0.45-7.95],2.66175,0.44606,7.95336,,,
CHILDMORT10TO19,Adolescent mortality rate (per 1 000 age specific cohort),,PUBLISHED,Published,,1998,1998,,SEAR,South-East Asia,,BTN,1998,1998,Bhutan,,YEARS10-14,10-14 years of age,,FMLE,Female,,2.83 [0.49-8.03],2.83098,0.49497,8.03137,,,
CHILDMORT10TO19,Adolescent mortality rate (per 1 000 age specific cohort),,PUBLISHED,Published,,1999,1999,,SEAR,South-East Asia,,BTN,1999,1999,Bhutan,,YEARS10-14,10-14 years of age,,FMLE,Female,,2.98 [0.53-8.02],2.98103,0.52854,8.01607,,,
CHILDMORT10TO19,Adolescent mortality rate (per 1 000 age specific cohort),,PUBLISHED,Published,,2000,2000,,SEAR,South-East Asia,,BTN,2000,2000,Bhutan,,YEARS10-14,10-14 years of age,,FMLE,Female,,3.73 [0.74-9.14],3.73378,0.73515,9.14088,,,
CHILDMORT10TO19,Adolescent mortality rate (per 1 000 age specific cohort),,PUBLISHED,Published,,2001,2001,,SEAR,South-East Asia,,BTN,2001,2001,Bhutan,,YEARS10-14,10-14 years of age,,FMLE,Female,,3.3 [0.63-7.9],3.30050,0.63250,7.89854,,,
CHILDMORT10TO19,Adolescent mortality rate (per 1 000 age specific cohort),,PUBLISHED,Published,,2002,2002,,SEAR,South-East Asia,,BTN,2002,2002,Bhutan,,YEARS10-14,10-14 years of age,,FMLE,Female,,3.47 [0.69-7.85],3.46818,0.69040,7.85243,,,
CHILDMORT10TO19,Adolescent mortality rate (per 1 000 age specific cohort),,PUBLISHED,Published,,2003,2003,,SEAR,South-East Asia,,BTN,2003,2003,Bhutan,,YEARS10-14,10-14 years of age,,FMLE,Female,,3.66 [0.78-7.84],3.65611,0.77714,7.84488,,,
CHILDMORT10TO19,Adolescent mortality rate (per 1 000 age specific cohort),,PUBLISHED,Published,,2004,2004,,SEAR,South-East Asia,,BTN,2004,2004,Bhutan,,YEARS10-14,10-14 years of age,,FMLE,Female,,3.83 [0.88-7.76],3.82738,0.87928,7.76265,,,
CHILDMORT10TO19,Adolescent mortality rate (per 1 000 age specific cohort),,PUBLISHED,Published,,2005,2005,,SEAR,South-East Asia,,BTN,2005,2005,Bhutan,,YEARS10-14,10-14 years of age,,FMLE,Female,,4 [1.04-7.71],4.00343,1.03505,7.70531,,,
CHILDMORT10TO19,Adolescent mortality rate (per 1 000 age specific cohort),,PUBLISHED,Published,,2006,2006,,SEAR,South-East Asia,,BTN,2006,2006,Bhutan,,YEARS10-14,10-14 years of age,,FMLE,Female,,4.15 [1.18-7.79],4.15388,1.18379,7.78827,,,
CHILDMORT10TO19,Adolescent mortality rate (per 1 000 age specific cohort),,PUBLISHED,Published,,2007,2007,,SEAR,South-East Asia,,BTN,2007,2007,Bhutan,,YEARS10-14,10-14 years of age,,FMLE,Female,,4.31 [1.31-7.81],4.31186,1.30910,7.81336,,,
CHILDMORT10TO19,Adolescent mortality rate (per 1 000 age specific cohort),,PUBLISHED,Published,,2008,2008,,SEAR,South-East Asia,,BTN,2008,2008,Bhutan,,YEARS10-14,10-14 years of age,,FMLE,Female,,4.48 [1.46-7.91],4.47950,1.46117,7.90539,,,
CHILDMORT10TO19,Adolescent mortality rate (per 1 000 age specific cohort),,PUBLISHED,Published,,2009,2009,,SEAR,South-East Asia,,BTN,2009,2009,Bhutan,,YEARS10-14,10-14 years of age,,FMLE,Female,,4.63 [1.56-8.05],4.62646,1.55926,8.05018,,,
CHILDMORT10TO19,Adolescent mortality rate (per 1 000 age specific cohort),,PUBLISHED,Published,,2010,2010,,SEAR,South-East Asia,,BTN,2010,2010,Bhutan,,YEARS10-14,10-14 years of age,,FMLE,Female,,4.79 [1.66-8.16],4.78699,1.65953,8.15869,,,
CHILDMORT10TO19,Adolescent mortality rate (per 1 000 age specific cohort),,PUBLISHED,Published,,2011,2011,,SEAR,South-East Asia,,BTN,2011,2011,Bhutan,,YEARS10-14,10-14 years of age,,FMLE,Female,,4.91 [1.67-8.35],4.91473,1.67094,8.35431,,,
CHILDMORT10TO19,Adolescent mortality rate (per 1 000 age specific cohort),,PUBLISHED,Published,,2012,2012,,SEAR,South-East Asia,,BTN,2012,2012,Bhutan,,YEARS10-14,10-14 years of age,,FMLE,Female,,5.02 [1.67-8.64],5.02338,1.66689,8.63985,,,
CHILDMORT10TO19,Adolescent mortality rate (per 1 000 age specific cohort),,PUBLISHED,Published,,2013,2013,,SEAR,South-East Asia,,BTN,2013,2013,Bhutan,,YEARS10-14,10-14 years of age,,FMLE,Female,,5.1 [1.59-9.01],5.09729,1.58821,9.01403,,,
CHILDMORT10TO19,Adolescent mortality rate (per 1 000 age specific cohort),,PUBLISHED,Published,,2014,2014,,SEAR,South-East Asia,,BTN,2014,2014,Bhutan,,YEARS10-14,10-14 years of age,,FMLE,Female,,5.11 [1.51-9.31],5.11420,1.51087,9.30594,,,
CHILDMORT10TO19,Adolescent mortality rate (per 1 000 age specific cohort),,PUBLISHED,Published,,2015,2015,,SEAR,South-East Asia,,BTN,2015,2015,Bhutan,,YEARS10-14,10-14 years of age,,FMLE,Female,,5.08 [1.47-9.49],5.08441,1.46634,9.48516,,,
CHILDMORT10TO19,Adolescent mortality rate (per 1 000 age specific cohort),,PUBLISHED,Published,,2016,2016,,SEAR,South-East Asia,,BTN,2016,2016,Bhutan,,YEARS10-14,10-14 years of age,,FMLE,Female,,5.01 [1.41-9.61],5.00812,1.40670,9.61220,,,
CHILDMORT10TO19,Adolescent mortality rate (per 1 000 age specific cohort),,PUBLISHED,Published,,2017,2017,,SEAR,South-East Asia,,BTN,2017,2017,Bhutan,,YEARS10-14,10-14 years of age,,FMLE,Female,,4.91 [1.34-9.66],4.90599,1.34427,9.65777,,,
CHILDMORT10TO19,Adolescent mortality rate (per 1 000 age specific cohort),,PUBLISHED,Published,,2018,2018,,SEAR,South-East Asia,,BTN,2018,2018,Bhutan,,YEARS10-14,10-14 years of age,,FMLE,Female,,4.81 [1.32-9.61],4.80603,1.31931,9.60714,,,
CHILDMORT10TO19,Adolescent mortality rate (per 1 000 age specific cohort),,PUBLISHED,Published,,2019,2019,,SEAR,South-East Asia,,BTN,2019,2019,Bhutan,,YEARS10-14,10-14 years of age,,FMLE,Female,,4.7 [1.28-9.6],4.69585,1.27554,9.59726,,,
CHILDMORT10TO19,Adolescent mortality rate (per 1 000 age specific cohort),,PUBLISHED,Published,,2020,2020,,SEAR,South-East Asia,,BTN,2020,2020,Bhutan,,YEARS10-14,10-14 years of age,,FMLE,Female,,4.55 [1.21-9.43],4.54689,1.21286,9.42587,,,
CHILDMORT10TO19,Adolescent mortality rate (per 1 000 age specific cohort),,PUBLISHED,Published,,2021,2021,,SEAR,South-East Asia,,BTN,2021,2021,Bhutan,,YEARS10-14,10-14 years of age,,FMLE,Female,,4.43 [1.17-9.4],4.42862,1.16891,9.39544,,,
CHILDMORT10TO19,Adolescent mortality rate (per 1 000 age specific cohort),,PUBLISHED,Published,,1990,1990,,SEAR,South-East Asia,,BTN,1990,1990,Bhutan,,YEARS10-14,10-14 years of age,,MLE,Male,,2.78 [0.58-18.04],2.78475,0.57566,18.03934,,,
CHILDMORT10TO19,Adolescent mortality rate (per 1 000 age specific cohort),,PUBLISHED,Published,,1991,1991,,SEAR,South-East Asia,,BTN,1991,1991,Bhutan,,YEARS10-14,10-14 years of age,,MLE,Male,,2.93 [0.57-16.01],2.92700,0.57480,16.01008,,,
CHILDMORT10TO19,Adolescent mortality rate (per 1 000 age specific cohort),,PUBLISHED,Published,,1992,1992,,SEAR,South-East Asia,,BTN,1992,1992,Bhutan,,YEARS10-14,10-14 years of age,,MLE,Male,,3.07 [0.54-14.18],3.07297,0.53902,14.17534,,,
CHILDMORT10TO19,Adolescent mortality rate (per 1 000 age specific cohort),,PUBLISHED,Published,,1993,1993,,SEAR,South-East Asia,,BTN,1993,1993,Bhutan,,YEARS10-14,10-14 years of age,,MLE,Male,,3.22 [0.56-12.97],3.22493,0.55930,12.97074,,,
CHILDMORT10TO19,Adolescent mortality rate (per 1 000 age specific cohort),,PUBLISHED,Published,,1994,1994,,SEAR,South-East Asia,,BTN,1994,1994,Bhutan,,YEARS10-14,10-14 years of age,,MLE,Male,,3.36 [0.56-12.24],3.36219,0.55504,12.23527,,,
CHILDMORT10TO19,Adolescent mortality rate (per 1 000 age specific cohort),,PUBLISHED,Published,,1995,1995,,SEAR,South-East Asia,,BTN,1995,1995,Bhutan,,YEARS10-14,10-14 years of age,,MLE,Male,,3.51 [0.55-11.82],3.50681,0.55014,11.82416,,,
CHILDMORT10TO19,Adolescent mortality rate (per 1 000 age specific cohort),,PUBLISHED,Published,,1996,1996,,SEAR,South-East Asia,,BTN,1996,1996,Bhutan,,YEARS10-14,10-14 years of age,,MLE,Male,,3.65 [0.62-11.54],3.64570,0.61918,11.53731,,,
CHILDMORT10TO19,Adolescent mortality rate (per 1 000 age specific cohort),,PUBLISHED,Published,,1997,1997,,SEAR,South-East Asia,,BTN,1997,1997,Bhutan,,YEARS10-14,10-14 years of age,,MLE,Male,,3.78 [0.64-11.21],3.78196,0.64332,11.20638,,,
CHILDMORT10TO19,Adolescent mortality rate (per 1 000 age specific cohort),,PUBLISHED,Published,,1998,1998,,SEAR,South-East Asia,,BTN,1998,1998,Bhutan,,YEARS10-14,10-14 years of age,,MLE,Male,,3.92 [0.7-10.97],3.92235,0.70164,10.97233,,,
CHILDMORT10TO19,Adolescent mortality rate (per 1 000 age specific cohort),,PUBLISHED,Published,,1999,1999,,SEAR,South-East Asia,,BTN,1999,1999,Bhutan,,YEARS10-14,10-14 years of age,,MLE,Male,,4.05 [0.73-10.9],4.05490,0.73456,10.89756,,,
CHILDMORT10TO19,Adolescent mortality rate (per 1 000 age specific cohort),,PUBLISHED,Published,,2000,2000,,SEAR,South-East Asia,,BTN,2000,2000,Bhutan,,YEARS10-14,10-14 years of age,,MLE,Male,,4.85 [0.95-11.89],4.84765,0.94695,11.88773,,,
CHILDMORT10TO19,Adolescent mortality rate (per 1 000 age specific cohort),,PUBLISHED,Published,,2001,2001,,SEAR,South-East Asia,,BTN,2001,2001,Bhutan,,YEARS10-14,10-14 years of age,,MLE,Male,,4.29 [0.82-10.28],4.29251,0.81512,10.28015,,,
CHILDMORT10TO19,Adolescent mortality rate (per 1 000 age specific cohort),,PUBLISHED,Published,,2002,2002,,SEAR,South-East Asia,,BTN,2002,2002,Bhutan,,YEARS10-14,10-14 years of age,,MLE,Male,,4.42 [0.87-9.99],4.41865,0.87230,9.99286,,,
CHILDMORT10TO19,Adolescent mortality rate (per 1 000 age specific cohort),,PUBLISHED,Published,,2003,2003,,SEAR,South-East Asia,,BTN,2003,2003,Bhutan,,YEARS10-14,10-14 years of age,,MLE,Male,,4.54 [0.97-9.64],4.53568,0.96730,9.64118,,,
CHILDMORT10TO19,Adolescent mortality rate (per 1 000 age specific cohort),,PUBLISHED,Published,,2004,2004,,SEAR,South-East Asia,,BTN,2004,2004,Bhutan,,YEARS10-14,10-14 years of age,,MLE,Male,,4.67 [1.08-9.38],4.66669,1.08028,9.38059,,,
CHILDMORT10TO19,Adolescent mortality rate (per 1 000 age specific cohort),,PUBLISHED,Published,,2005,2005,,SEAR,South-East Asia,,BTN,2005,2005,Bhutan,,YEARS10-14,10-14 years of age,,MLE,Male,,4.79 [1.22-9.19],4.79162,1.21554,9.19021,,,
CHILDMORT10TO19,Adolescent mortality rate (per 1 000 age specific cohort),,PUBLISHED,Published,,2006,2006,,SEAR,South-East Asia,,BTN,2006,2006,Bhutan,,YEARS10-14,10-14 years of age,,MLE,Male,,4.9 [1.4-9.19],4.90158,1.40050,9.19005,,,
CHILDMORT10TO19,Adolescent mortality rate (per 1 000 age specific cohort),,PUBLISHED,Published,,2007,2007,,SEAR,South-East Asia,,BTN,2007,2007,Bhutan,,YEARS10-14,10-14 years of age,,MLE,Male,,5.01 [1.54-9.13],5.01383,1.54368,9.12556,,,
CHILDMORT10TO19,Adolescent mortality rate (per 1 000 age specific cohort),,PUBLISHED,Published,,2008,2008,,SEAR,South-East Asia,,BTN,2008,2008,Bhutan,,YEARS10-14,10-14 years of age,,MLE,Male,,5.13 [1.67-9.12],5.12972,1.66541,9.12018,,,
CHILDMORT10TO19,Adolescent mortality rate (per 1 000 age specific cohort),,PUBLISHED,Published,,2009,2009,,SEAR,South-East Asia,,BTN,2009,2009,Bhutan,,YEARS10-14,10-14 years of age,,MLE,Male,,5.26 [1.77-9.13],5.25723,1.77057,9.12949,,,
CHILDMORT10TO19,Adolescent mortality rate (per 1 000 age specific cohort),,PUBLISHED,Published,,2010,2010,,SEAR,South-East Asia,,BTN,2010,2010,Bhutan,,YEARS10-14,10-14 years of age,,MLE,Male,,5.36 [1.84-9.08],5.36326,1.83584,9.07784,,,
CHILDMORT10TO19,Adolescent mortality rate (per 1 000 age specific cohort),,PUBLISHED,Published,,2011,2011,,SEAR,South-East Asia,,BTN,2011,2011,Bhutan,,YEARS10-14,10-14 years of age,,MLE,Male,,5.47 [1.87-9.28],5.47190,1.87144,9.27611,,,
CHILDMORT10TO19,Adolescent mortality rate (per 1 000 age specific cohort),,PUBLISHED,Published,,2012,2012,,SEAR,South-East Asia,,BTN,2012,2012,Bhutan,,YEARS10-14,10-14 years of age,,MLE,Male,,5.55 [1.88-9.54],5.54520,1.87582,9.53972,,,
CHILDMORT10TO19,Adolescent mortality rate (per 1 000 age specific cohort),,PUBLISHED,Published,,2013,2013,,SEAR,South-East Asia,,BTN,2013,2013,Bhutan,,YEARS10-14,10-14 years of age,,MLE,Male,,5.59 [1.77-9.87],5.59138,1.76887,9.87246,,,
CHILDMORT10TO19,Adolescent mortality rate (per 1 000 age specific cohort),,PUBLISHED,Published,,2014,2014,,SEAR,South-East Asia,,BTN,2014,2014,Bhutan,,YEARS10-14,10-14 years of age,,MLE,Male,,5.62 [1.66-10.2],5.61512,1.65754,10.20410,,,
CHILDMORT10TO19,Adolescent mortality rate (per 1 000 age specific cohort),,PUBLISHED,Published,,2015,2015,,SEAR,South-East Asia,,BTN,2015,2015,Bhutan,,YEARS10-14,10-14 years of age,,MLE,Male,,5.58 [1.59-10.4],5.58141,1.59331,10.40278,,,
CHILDMORT10TO19,Adolescent mortality rate (per 1 000 age specific cohort),,PUBLISHED,Published,,2016,2016,,SEAR,South-East Asia,,BTN,2016,2016,Bhutan,,YEARS10-14,10-14 years of age,,MLE,Male,,5.53 [1.54-10.5],5.52603,1.53641,10.50199,,,
CHILDMORT10TO19,Adolescent mortality rate (per 1 000 age specific cohort),,PUBLISHED,Published,,2017,2017,,SEAR,South-East Asia,,BTN,2017,2017,Bhutan,,YEARS10-14,10-14 years of age,,MLE,Male,,5.47 [1.52-10.64],5.46636,1.52423,10.63554,,,
CHILDMORT10TO19,Adolescent mortality rate (per 1 000 age specific cohort),,PUBLISHED,Published,,2018,2018,,SEAR,South-East Asia,,BTN,2018,2018,Bhutan,,YEARS10-14,10-14 years of age,,MLE,Male,,5.39 [1.48-10.7],5.39066,1.48021,10.69536,,,
CHILDMORT10TO19,Adolescent mortality rate (per 1 000 age specific cohort),,PUBLISHED,Published,,2019,2019,,SEAR,South-East Asia,,BTN,2019,2019,Bhutan,,YEARS10-14,10-14 years of age,,MLE,Male,,5.29 [1.44-10.77],5.29008,1.44005,10.76584,,,
CHILDMORT10TO19,Adolescent mortality rate (per 1 000 age specific cohort),,PUBLISHED,Published,,2020,2020,,SEAR,South-East Asia,,BTN,2020,2020,Bhutan,,YEARS10-14,10-14 years of age,,MLE,Male,,5.19 [1.39-10.81],5.19306,1.39493,10.81272,,,
CHILDMORT10TO19,Adolescent mortality rate (per 1 000 age specific cohort),,PUBLISHED,Published,,2021,2021,,SEAR,South-East Asia,,BTN,2021,2021,Bhutan,,YEARS10-14,10-14 years of age,,MLE,Male,,5.1 [1.33-10.85],5.09524,1.33340,10.85140,,,
CHILDMORT10TO19,Adolescent mortality rate (per 1 000 age specific cohort),,PUBLISHED,Published,,1990,1990,,SEAR,South-East Asia,,BTN,1990,1990,Bhutan,,YEARS10-14,10-14 years of age,,BTSX,Both sexes,,2.28 [0-13.56],2.28110,0.00000,13.55981,,,
CHILDMORT10TO19,Adolescent mortality rate (per 1 000 age specific cohort),,PUBLISHED,Published,,1991,1991,,SEAR,South-East Asia,,BTN,1991,1991,Bhutan,,YEARS10-14,10-14 years of age,,BTSX,Both sexes,,2.4 [0-12.3],2.40390,0.00000,12.29832,,,
CHILDMORT10TO19,Adolescent mortality rate (per 1 000 age specific cohort),,PUBLISHED,Published,,1992,1992,,SEAR,South-East Asia,,BTN,1992,1992,Bhutan,,YEARS10-14,10-14 years of age,,BTSX,Both sexes,,2.53 [0-11.05],2.53418,0.00000,11.04690,,,
CHILDMORT10TO19,Adolescent mortality rate (per 1 000 age specific cohort),,PUBLISHED,Published,,1993,1993,,SEAR,South-East Asia,,BTN,1993,1993,Bhutan,,YEARS10-14,10-14 years of age,,BTSX,Both sexes,,2.67 [0-10.2],2.67154,0.00000,10.19688,,,
CHILDMORT10TO19,Adolescent mortality rate (per 1 000 age specific cohort),,PUBLISHED,Published,,1994,1994,,SEAR,South-East Asia,,BTN,1994,1994,Bhutan,,YEARS10-14,10-14 years of age,,BTSX,Both sexes,,2.8 [0-9.76],2.80228,0.00000,9.75807,,,
CHILDMORT10TO19,Adolescent mortality rate (per 1 000 age specific cohort),,PUBLISHED,Published,,1995,1995,,SEAR,South-East Asia,,BTN,1995,1995,Bhutan,,YEARS10-14,10-14 years of age,,BTSX,Both sexes,,2.94 [0-9.53],2.94427,0.00000,9.53157,,,
CHILDMORT10TO19,Adolescent mortality rate (per 1 000 age specific cohort),,PUBLISHED,Published,,1996,1996,,SEAR,South-East Asia,,BTN,1996,1996,Bhutan,,YEARS10-14,10-14 years of age,,BTSX,Both sexes,,3.09 [0-9.38],3.08530,0.00000,9.37761,,,
CHILDMORT10TO19,Adolescent mortality rate (per 1 000 age specific cohort),,PUBLISHED,Published,,1997,1997,,SEAR,South-East Asia,,BTN,1997,1997,Bhutan,,YEARS10-14,10-14 years of age,,BTSX,Both sexes,,3.23 [0-9.29],3.23135,0.00000,9.28540,,,
CHILDMORT10TO19,Adolescent mortality rate (per 1 000 age specific cohort),,PUBLISHED,Published,,1998,1998,,SEAR,South-East Asia,,BTN,1998,1998,Bhutan,,YEARS10-14,10-14 years of age,,BTSX,Both sexes,,3.39 [0-9.21],3.38595,0.00000,9.20944,,,
CHILDMORT10TO19,Adolescent mortality rate (per 1 000 age specific cohort),,PUBLISHED,Published,,1999,1999,,SEAR,South-East Asia,,BTN,1999,1999,Bhutan,,YEARS10-14,10-14 years of age,,BTSX,Both sexes,,3.53 [0-9.18],3.52827,0.00000,9.18000,,,
CHILDMORT10TO19,Adolescent mortality rate (per 1 000 age specific cohort),,PUBLISHED,Published,,2000,2000,,SEAR,South-East Asia,,BTN,2000,2000,Bhutan,,YEARS10-14,10-14 years of age,,BTSX,Both sexes,,4.3 [0-10.36],4.30177,0.00000,10.35993,,,
CHILDMORT10TO19,Adolescent mortality rate (per 1 000 age specific cohort),,PUBLISHED,Published,,2001,2001,,SEAR,South-East Asia,,BTN,2001,2001,Bhutan,,YEARS10-14,10-14 years of age,,BTSX,Both sexes,,3.81 [0-8.96],3.80573,0.00000,8.95501,,,
CHILDMORT10TO19,Adolescent mortality rate (per 1 000 age specific cohort),,PUBLISHED,Published,,2002,2002,,SEAR,South-East Asia,,BTN,2002,2002,Bhutan,,YEARS10-14,10-14 years of age,,BTSX,Both sexes,,3.95 [0-8.77],3.95130,0.00000,8.76975,,,
CHILDMORT10TO19,Adolescent mortality rate (per 1 000 age specific cohort),,PUBLISHED,Published,,2003,2003,,SEAR,South-East Asia,,BTN,2003,2003,Bhutan,,YEARS10-14,10-14 years of age,,BTSX,Both sexes,,4.1 [0.13-8.68],4.10326,0.12954,8.67804,,,
CHILDMORT10TO19,Adolescent mortality rate (per 1 000 age specific cohort),,PUBLISHED,Published,,2004,2004,,SEAR,South-East Asia,,BTN,2004,2004,Bhutan,,YEARS10-14,10-14 years of age,,BTSX,Both sexes,,4.26 [0.43-8.49],4.25504,0.42642,8.49388,,,
CHILDMORT10TO19,Adolescent mortality rate (per 1 000 age specific cohort),,PUBLISHED,Published,,2005,2005,,SEAR,South-East Asia,,BTN,2005,2005,Bhutan,,YEARS10-14,10-14 years of age,,BTSX,Both sexes,,4.41 [0.71-8.4],4.40700,0.70982,8.39568,,,
CHILDMORT10TO19,Adolescent mortality rate (per 1 000 age specific cohort),,PUBLISHED,Published,,2006,2006,,SEAR,South-East Asia,,BTN,2006,2006,Bhutan,,YEARS10-14,10-14 years of age,,BTSX,Both sexes,,4.54 [0.96-8.44],4.53942,0.95653,8.43510,,,
CHILDMORT10TO19,Adolescent mortality rate (per 1 000 age specific cohort),,PUBLISHED,Published,,2007,2007,,SEAR,South-East Asia,,BTN,2007,2007,Bhutan,,YEARS10-14,10-14 years of age,,BTSX,Both sexes,,4.68 [1.12-8.44],4.67611,1.12490,8.44348,,,
CHILDMORT10TO19,Adolescent mortality rate (per 1 000 age specific cohort),,PUBLISHED,Published,,2008,2008,,SEAR,South-East Asia,,BTN,2008,2008,Bhutan,,YEARS10-14,10-14 years of age,,BTSX,Both sexes,,4.82 [1.23-8.47],4.81829,1.23004,8.47192,,,
CHILDMORT10TO19,Adolescent mortality rate (per 1 000 age specific cohort),,PUBLISHED,Published,,2009,2009,,SEAR,South-East Asia,,BTN,2009,2009,Bhutan,,YEARS10-14,10-14 years of age,,BTSX,Both sexes,,4.96 [1.42-8.53],4.95586,1.42055,8.53134,,,
CHILDMORT10TO19,Adolescent mortality rate (per 1 000 age specific cohort),,PUBLISHED,Published,,2010,2010,,SEAR,South-East Asia,,BTN,2010,2010,Bhutan,,YEARS10-14,10-14 years of age,,BTSX,Both sexes,,5.09 [1.51-8.61],5.08792,1.50837,8.60895,,,
CHILDMORT10TO19,Adolescent mortality rate (per 1 000 age specific cohort),,PUBLISHED,Published,,2011,2011,,SEAR,South-East Asia,,BTN,2011,2011,Bhutan,,YEARS10-14,10-14 years of age,,BTSX,Both sexes,,5.2 [1.56-8.76],5.20476,1.56077,8.76049,,,
CHILDMORT10TO19,Adolescent mortality rate (per 1 000 age specific cohort),,PUBLISHED,Published,,2012,2012,,SEAR,South-East Asia,,BTN,2012,2012,Bhutan,,YEARS10-14,10-14 years of age,,BTSX,Both sexes,,5.29 [1.5-9.03],5.29352,1.49665,9.02940,,,
CHILDMORT10TO19,Adolescent mortality rate (per 1 000 age specific cohort),,PUBLISHED,Published,,2013,2013,,SEAR,South-East Asia,,BTN,2013,2013,Bhutan,,YEARS10-14,10-14 years of age,,BTSX,Both sexes,,5.35 [1.37-9.33],5.35150,1.36540,9.33241,,,
CHILDMORT10TO19,Adolescent mortality rate (per 1 000 age specific cohort),,PUBLISHED,Published,,2014,2014,,SEAR,South-East Asia,,BTN,2014,2014,Bhutan,,YEARS10-14,10-14 years of age,,BTSX,Both sexes,,5.37 [1.21-9.63],5.37056,1.20988,9.63164,,,
CHILDMORT10TO19,Adolescent mortality rate (per 1 000 age specific cohort),,PUBLISHED,Published,,2015,2015,,SEAR,South-East Asia,,BTN,2015,2015,Bhutan,,YEARS10-14,10-14 years of age,,BTSX,Both sexes,,5.34 [1.06-9.82],5.33794,1.05656,9.82355,,,
CHILDMORT10TO19,Adolescent mortality rate (per 1 000 age specific cohort),,PUBLISHED,Published,,2016,2016,,SEAR,South-East Asia,,BTN,2016,2016,Bhutan,,YEARS10-14,10-14 years of age,,BTSX,Both sexes,,5.27 [0.94-9.93],5.27210,0.93912,9.92602,,,
CHILDMORT10TO19,Adolescent mortality rate (per 1 000 age specific cohort),,PUBLISHED,Published,,2017,2017,,SEAR,South-East Asia,,BTN,2017,2017,Bhutan,,YEARS10-14,10-14 years of age,,BTSX,Both sexes,,5.19 [0.85-10],5.19197,0.85418,9.99613,,,
CHILDMORT10TO19,Adolescent mortality rate (per 1 000 age specific cohort),,PUBLISHED,Published,,2018,2018,,SEAR,South-East Asia,,BTN,2018,2018,Bhutan,,YEARS10-14,10-14 years of age,,BTSX,Both sexes,,5.11 [0.77-9.99],5.10519,0.77153,9.98627,,,
CHILDMORT10TO19,Adolescent mortality rate (per 1 000 age specific cohort),,PUBLISHED,Published,,2019,2019,,SEAR,South-East Asia,,BTN,2019,2019,Bhutan,,YEARS10-14,10-14 years of age,,BTSX,Both sexes,,5 [0.72-9.99],5.00097,0.71509,9.99395,,,
CHILDMORT10TO19,Adolescent mortality rate (per 1 000 age specific cohort),,PUBLISHED,Published,,2020,2020,,SEAR,South-East Asia,,BTN,2020,2020,Bhutan,,YEARS10-14,10-14 years of age,,BTSX,Both sexes,,4.88 [0.69-9.97],4.87981,0.68515,9.97384,,,
CHILDMORT10TO19,Adolescent mortality rate (per 1 000 age specific cohort),,PUBLISHED,Published,,2021,2021,,SEAR,South-East Asia,,BTN,2021,2021,Bhutan,,YEARS10-14,10-14 years of age,,BTSX,Both sexes,,4.77 [0.63-9.95],4.77305,0.62912,9.94826,,,
CHILDMORT10TO19,Adolescent mortality rate (per 1 000 age specific cohort),,PUBLISHED,Published,,1990,1990,,SEAR,South-East Asia,,BTN,1990,1990,Bhutan,,YEARS15-19,15-19 years,,FMLE,Female,,17.25 [10.48-25.22],17.25282,10.47647,25.22234,,,
CHILDMORT10TO19,Adolescent mortality rate (per 1 000 age specific cohort),,PUBLISHED,Published,,1991,1991,,SEAR,South-East Asia,,BTN,1991,1991,Bhutan,,YEARS15-19,15-19 years,,FMLE,Female,,15.86 [10.13-22.89],15.86379,10.12511,22.89237,,,
CHILDMORT10TO19,Adolescent mortality rate (per 1 000 age specific cohort),,PUBLISHED,Published,,1992,1992,,SEAR,South-East Asia,,BTN,1992,1992,Bhutan,,YEARS15-19,15-19 years,,FMLE,Female,,14.52 [9.7-20.71],14.52155,9.70376,20.70770,,,
CHILDMORT10TO19,Adolescent mortality rate (per 1 000 age specific cohort),,PUBLISHED,Published,,1993,1993,,SEAR,South-East Asia,,BTN,1993,1993,Bhutan,,YEARS15-19,15-19 years,,FMLE,Female,,13.28 [9.17-18.74],13.28245,9.16955,18.73797,,,
CHILDMORT10TO19,Adolescent mortality rate (per 1 000 age specific cohort),,PUBLISHED,Published,,1994,1994,,SEAR,South-East Asia,,BTN,1994,1994,Bhutan,,YEARS15-19,15-19 years,,FMLE,Female,,12.11 [8.54-16.93],12.10522,8.54353,16.92930,,,
CHILDMORT10TO19,Adolescent mortality rate (per 1 000 age specific cohort),,PUBLISHED,Published,,1995,1995,,SEAR,South-East Asia,,BTN,1995,1995,Bhutan,,YEARS15-19,15-19 years,,FMLE,Female,,11.17 [8.05-15.36],11.17478,8.04849,15.36345,,,
CHILDMORT10TO19,Adolescent mortality rate (per 1 000 age specific cohort),,PUBLISHED,Published,,1996,1996,,SEAR,South-East Asia,,BTN,1996,1996,Bhutan,,YEARS15-19,15-19 years,,FMLE,Female,,10.26 [7.46-13.99],10.25772,7.46013,13.98623,,,
CHILDMORT10TO19,Adolescent mortality rate (per 1 000 age specific cohort),,PUBLISHED,Published,,1997,1997,,SEAR,South-East Asia,,BTN,1997,1997,Bhutan,,YEARS15-19,15-19 years,,FMLE,Female,,9.46 [6.95-12.9],9.45923,6.95490,12.89614,,,
CHILDMORT10TO19,Adolescent mortality rate (per 1 000 age specific cohort),,PUBLISHED,Published,,1998,1998,,SEAR,South-East Asia,,BTN,1998,1998,Bhutan,,YEARS15-19,15-19 years,,FMLE,Female,,8.77 [6.47-11.84],8.76860,6.47010,11.83648,,,
CHILDMORT10TO19,Adolescent mortality rate (per 1 000 age specific cohort),,PUBLISHED,Published,,1999,1999,,SEAR,South-East Asia,,BTN,1999,1999,Bhutan,,YEARS15-19,15-19 years,,FMLE,Female,,8.15 [6-11.04],8.14739,5.99990,11.03600,,,
CHILDMORT10TO19,Adolescent mortality rate (per 1 000 age specific cohort),,PUBLISHED,Published,,2000,2000,,SEAR,South-East Asia,,BTN,2000,2000,Bhutan,,YEARS15-19,15-19 years,,FMLE,Female,,7.68 [5.58-10.42],7.67749,5.58078,10.42010,,,
CHILDMORT10TO19,Adolescent mortality rate (per 1 000 age specific cohort),,PUBLISHED,Published,,2001,2001,,SEAR,South-East Asia,,BTN,2001,2001,Bhutan,,YEARS15-19,15-19 years,,FMLE,Female,,7.26 [5.3-9.85],7.25990,5.29925,9.84955,,,
CHILDMORT10TO19,Adolescent mortality rate (per 1 000 age specific cohort),,PUBLISHED,Published,,2002,2002,,SEAR,South-East Asia,,BTN,2002,2002,Bhutan,,YEARS15-19,15-19 years,,FMLE,Female,,6.93 [5.05-9.4],6.92998,5.04681,9.39845,,,
CHILDMORT10TO19,Adolescent mortality rate (per 1 000 age specific cohort),,PUBLISHED,Published,,2003,2003,,SEAR,South-East Asia,,BTN,2003,2003,Bhutan,,YEARS15-19,15-19 years,,FMLE,Female,,6.69 [4.87-9.09],6.69380,4.86695,9.09352,,,
CHILDMORT10TO19,Adolescent mortality rate (per 1 000 age specific cohort),,PUBLISHED,Published,,2004,2004,,SEAR,South-East Asia,,BTN,2004,2004,Bhutan,,YEARS15-19,15-19 years,,FMLE,Female,,6.5 [4.71-8.84],6.49798,4.70650,8.84477,,,
CHILDMORT10TO19,Adolescent mortality rate (per 1 000 age specific cohort),,PUBLISHED,Published,,2005,2005,,SEAR,South-East Asia,,BTN,2005,2005,Bhutan,,YEARS15-19,15-19 years,,FMLE,Female,,6.25 [4.49-8.55],6.25321,4.49122,8.54920,,,
CHILDMORT10TO19,Adolescent mortality rate (per 1 000 age specific cohort),,PUBLISHED,Published,,2006,2006,,SEAR,South-East Asia,,BTN,2006,2006,Bhutan,,YEARS15-19,15-19 years,,FMLE,Female,,6.05 [4.32-8.41],6.04605,4.32230,8.41118,,,
CHILDMORT10TO19,Adolescent mortality rate (per 1 000 age specific cohort),,PUBLISHED,Published,,2007,2007,,SEAR,South-East Asia,,BTN,2007,2007,Bhutan,,YEARS15-19,15-19 years,,FMLE,Female,,5.87 [4.13-8.28],5.86565,4.12914,8.28326,,,
CHILDMORT10TO19,Adolescent mortality rate (per 1 000 age specific cohort),,PUBLISHED,Published,,2008,2008,,SEAR,South-East Asia,,BTN,2008,2008,Bhutan,,YEARS15-19,15-19 years,,FMLE,Female,,5.69 [3.93-8.18],5.69181,3.92729,8.17905,,,
CHILDMORT10TO19,Adolescent mortality rate (per 1 000 age specific cohort),,PUBLISHED,Published,,2009,2009,,SEAR,South-East Asia,,BTN,2009,2009,Bhutan,,YEARS15-19,15-19 years,,FMLE,Female,,5.51 [3.74-8.06],5.51175,3.73694,8.06298,,,
CHILDMORT10TO19,Adolescent mortality rate (per 1 000 age specific cohort),,PUBLISHED,Published,,2010,2010,,SEAR,South-East Asia,,BTN,2010,2010,Bhutan,,YEARS15-19,15-19 years,,FMLE,Female,,5.36 [3.54-7.98],5.35512,3.53572,7.97796,,,
CHILDMORT10TO19,Adolescent mortality rate (per 1 000 age specific cohort),,PUBLISHED,Published,,2011,2011,,SEAR,South-East Asia,,BTN,2011,2011,Bhutan,,YEARS15-19,15-19 years,,FMLE,Female,,5.21 [3.33-7.9],5.20924,3.32810,7.89931,,,
CHILDMORT10TO19,Adolescent mortality rate (per 1 000 age specific cohort),,PUBLISHED,Published,,2012,2012,,SEAR,South-East Asia,,BTN,2012,2012,Bhutan,,YEARS15-19,15-19 years,,FMLE,Female,,5.08 [3.18-7.89],5.07735,3.17700,7.88523,,,
CHILDMORT10TO19,Adolescent mortality rate (per 1 000 age specific cohort),,PUBLISHED,Published,,2013,2013,,SEAR,South-East Asia,,BTN,2013,2013,Bhutan,,YEARS15-19,15-19 years,,FMLE,Female,,4.94 [2.98-7.82],4.93945,2.97761,7.82011,,,
CHILDMORT10TO19,Adolescent mortality rate (per 1 000 age specific cohort),,PUBLISHED,Published,,2014,2014,,SEAR,South-East Asia,,BTN,2014,2014,Bhutan,,YEARS15-19,15-19 years,,FMLE,Female,,4.77 [2.77-7.7],4.77150,2.76576,7.70087,,,
CHILDMORT10TO19,Adolescent mortality rate (per 1 000 age specific cohort),,PUBLISHED,Published,,2015,2015,,SEAR,South-East Asia,,BTN,2015,2015,Bhutan,,YEARS15-19,15-19 years,,FMLE,Female,,4.63 [2.6-7.51],4.63041,2.60090,7.51456,,,
CHILDMORT10TO19,Adolescent mortality rate (per 1 000 age specific cohort),,PUBLISHED,Published,,2016,2016,,SEAR,South-East Asia,,BTN,2016,2016,Bhutan,,YEARS15-19,15-19 years,,FMLE,Female,,4.49 [2.47-7.41],4.48556,2.47021,7.40764,,,
CHILDMORT10TO19,Adolescent mortality rate (per 1 000 age specific cohort),,PUBLISHED,Published,,2017,2017,,SEAR,South-East Asia,,BTN,2017,2017,Bhutan,,YEARS15-19,15-19 years,,FMLE,Female,,4.34 [2.34-7.26],4.34275,2.33697,7.26446,,,
CHILDMORT10TO19,Adolescent mortality rate (per 1 000 age specific cohort),,PUBLISHED,Published,,2018,2018,,SEAR,South-East Asia,,BTN,2018,2018,Bhutan,,YEARS15-19,15-19 years,,FMLE,Female,,4.2 [2.21-7.09],4.19946,2.21126,7.09063,,,
CHILDMORT10TO19,Adolescent mortality rate (per 1 000 age specific cohort),,PUBLISHED,Published,,2019,2019,,SEAR,South-East Asia,,BTN,2019,2019,Bhutan,,YEARS15-19,15-19 years,,FMLE,Female,,4.05 [2.08-6.87],4.05328,2.07810,6.86706,,,
CHILDMORT10TO19,Adolescent mortality rate (per 1 000 age specific cohort),,PUBLISHED,Published,,2020,2020,,SEAR,South-East Asia,,BTN,2020,2020,Bhutan,,YEARS15-19,15-19 years,,FMLE,Female,,3.92 [1.96-6.73],3.92284,1.96118,6.73088,,,
CHILDMORT10TO19,Adolescent mortality rate (per 1 000 age specific cohort),,PUBLISHED,Published,,2021,2021,,SEAR,South-East Asia,,BTN,2021,2021,Bhutan,,YEARS15-19,15-19 years,,FMLE,Female,,3.81 [1.86-6.65],3.81196,1.86441,6.64964,,,
CHILDMORT10TO19,Adolescent mortality rate (per 1 000 age specific cohort),,PUBLISHED,Published,,1990,1990,,SEAR,South-East Asia,,BTN,1990,1990,Bhutan,,YEARS15-19,15-19 years,,MLE,Male,,16.05 [9.6-23.34],16.04542,9.59938,23.33625,,,
CHILDMORT10TO19,Adolescent mortality rate (per 1 000 age specific cohort),,PUBLISHED,Published,,1991,1991,,SEAR,South-East Asia,,BTN,1991,1991,Bhutan,,YEARS15-19,15-19 years,,MLE,Male,,15.34 [9.76-22.04],15.33933,9.75672,22.04081,,,
CHILDMORT10TO19,Adolescent mortality rate (per 1 000 age specific cohort),,PUBLISHED,Published,,1992,1992,,SEAR,South-East Asia,,BTN,1992,1992,Bhutan,,YEARS15-19,15-19 years,,MLE,Male,,14.67 [9.77-20.85],14.67172,9.76609,20.84904,,,
CHILDMORT10TO19,Adolescent mortality rate (per 1 000 age specific cohort),,PUBLISHED,Published,,1993,1993,,SEAR,South-East Asia,,BTN,1993,1993,Bhutan,,YEARS15-19,15-19 years,,MLE,Male,,14.09 [9.71-19.73],14.09313,9.71451,19.73246,,,
CHILDMORT10TO19,Adolescent mortality rate (per 1 000 age specific cohort),,PUBLISHED,Published,,1994,1994,,SEAR,South-East Asia,,BTN,1994,1994,Bhutan,,YEARS15-19,15-19 years,,MLE,Male,,13.53 [9.61-18.64],13.52970,9.60673,18.63583,,,
CHILDMORT10TO19,Adolescent mortality rate (per 1 000 age specific cohort),,PUBLISHED,Published,,1995,1995,,SEAR,South-East Asia,,BTN,1995,1995,Bhutan,,YEARS15-19,15-19 years,,MLE,Male,,12.98 [9.43-17.63],12.98355,9.43129,17.62958,,,
CHILDMORT10TO19,Adolescent mortality rate (per 1 000 age specific cohort),,PUBLISHED,Published,,1996,1996,,SEAR,South-East Asia,,BTN,1996,1996,Bhutan,,YEARS15-19,15-19 years,,MLE,Male,,12.54 [9.23-16.82],12.53520,9.23232,16.81596,,,
CHILDMORT10TO19,Adolescent mortality rate (per 1 000 age specific cohort),,PUBLISHED,Published,,1997,1997,,SEAR,South-East Asia,,BTN,1997,1997,Bhutan,,YEARS15-19,15-19 years,,MLE,Male,,12.11 [9-16.01],12.11046,8.99989,16.01484,,,
CHILDMORT10TO19,Adolescent mortality rate (per 1 000 age specific cohort),,PUBLISHED,Published,,1998,1998,,SEAR,South-East Asia,,BTN,1998,1998,Bhutan,,YEARS15-19,15-19 years,,MLE,Male,,11.67 [8.79-15.31],11.67397,8.78998,15.30672,,,
CHILDMORT10TO19,Adolescent mortality rate (per 1 000 age specific cohort),,PUBLISHED,Published,,1999,1999,,SEAR,South-East Asia,,BTN,1999,1999,Bhutan,,YEARS15-19,15-19 years,,MLE,Male,,11.3 [8.55-14.67],11.30055,8.55203,14.67285,,,
CHILDMORT10TO19,Adolescent mortality rate (per 1 000 age specific cohort),,PUBLISHED,Published,,2000,2000,,SEAR,South-East Asia,,BTN,2000,2000,Bhutan,,YEARS15-19,15-19 years,,MLE,Male,,10.91 [8.35-14.04],10.90743,8.34942,14.04492,,,
CHILDMORT10TO19,Adolescent mortality rate (per 1 000 age specific cohort),,PUBLISHED,Published,,2001,2001,,SEAR,South-East Asia,,BTN,2001,2001,Bhutan,,YEARS15-19,15-19 years,,MLE,Male,,10.56 [8.05-13.56],10.55754,8.05093,13.56020,,,
CHILDMORT10TO19,Adolescent mortality rate (per 1 000 age specific cohort),,PUBLISHED,Published,,2002,2002,,SEAR,South-East Asia,,BTN,2002,2002,Bhutan,,YEARS15-19,15-19 years,,MLE,Male,,10.22 [7.83-13.13],10.21864,7.82672,13.12584,,,
CHILDMORT10TO19,Adolescent mortality rate (per 1 000 age specific cohort),,PUBLISHED,Published,,2003,2003,,SEAR,South-East Asia,,BTN,2003,2003,Bhutan,,YEARS15-19,15-19 years,,MLE,Male,,9.93 [7.58-12.8],9.92652,7.57881,12.79695,,,
CHILDMORT10TO19,Adolescent mortality rate (per 1 000 age specific cohort),,PUBLISHED,Published,,2004,2004,,SEAR,South-East Asia,,BTN,2004,2004,Bhutan,,YEARS15-19,15-19 years,,MLE,Male,,9.66 [7.33-12.51],9.66367,7.33001,12.51022,,,
CHILDMORT10TO19,Adolescent mortality rate (per 1 000 age specific cohort),,PUBLISHED,Published,,2005,2005,,SEAR,South-East Asia,,BTN,2005,2005,Bhutan,,YEARS15-19,15-19 years,,MLE,Male,,9.47 [7.11-12.39],9.46552,7.10729,12.38679,,,
CHILDMORT10TO19,Adolescent mortality rate (per 1 000 age specific cohort),,PUBLISHED,Published,,2006,2006,,SEAR,South-East Asia,,BTN,2006,2006,Bhutan,,YEARS15-19,15-19 years,,MLE,Male,,9.23 [6.88-12.17],9.22821,6.88296,12.16603,,,
CHILDMORT10TO19,Adolescent mortality rate (per 1 000 age specific cohort),,PUBLISHED,Published,,2007,2007,,SEAR,South-East Asia,,BTN,2007,2007,Bhutan,,YEARS15-19,15-19 years,,MLE,Male,,9 [6.63-12.03],9.00385,6.62779,12.03235,,,
CHILDMORT10TO19,Adolescent mortality rate (per 1 000 age specific cohort),,PUBLISHED,Published,,2008,2008,,SEAR,South-East Asia,,BTN,2008,2008,Bhutan,,YEARS15-19,15-19 years,,MLE,Male,,8.79 [6.37-11.9],8.78667,6.37323,11.89533,,,
CHILDMORT10TO19,Adolescent mortality rate (per 1 000 age specific cohort),,PUBLISHED,Published,,2009,2009,,SEAR,South-East Asia,,BTN,2009,2009,Bhutan,,YEARS15-19,15-19 years,,MLE,Male,,8.55 [6.1-11.81],8.54544,6.10150,11.80685,,,
CHILDMORT10TO19,Adolescent mortality rate (per 1 000 age specific cohort),,PUBLISHED,Published,,2010,2010,,SEAR,South-East Asia,,BTN,2010,2010,Bhutan,,YEARS15-19,15-19 years,,MLE,Male,,8.32 [5.81-11.72],8.32466,5.81300,11.71987,,,
CHILDMORT10TO19,Adolescent mortality rate (per 1 000 age specific cohort),,PUBLISHED,Published,,2011,2011,,SEAR,South-East Asia,,BTN,2011,2011,Bhutan,,YEARS15-19,15-19 years,,MLE,Male,,8.11 [5.53-11.73],8.11183,5.52937,11.73230,,,
CHILDMORT10TO19,Adolescent mortality rate (per 1 000 age specific cohort),,PUBLISHED,Published,,2012,2012,,SEAR,South-East Asia,,BTN,2012,2012,Bhutan,,YEARS15-19,15-19 years,,MLE,Male,,7.91 [5.17-11.62],7.90501,5.16874,11.62263,,,
CHILDMORT10TO19,Adolescent mortality rate (per 1 000 age specific cohort),,PUBLISHED,Published,,2013,2013,,SEAR,South-East Asia,,BTN,2013,2013,Bhutan,,YEARS15-19,15-19 years,,MLE,Male,,7.75 [4.86-11.65],7.74918,4.85878,11.64923,,,
CHILDMORT10TO19,Adolescent mortality rate (per 1 000 age specific cohort),,PUBLISHED,Published,,2014,2014,,SEAR,South-East Asia,,BTN,2014,2014,Bhutan,,YEARS15-19,15-19 years,,MLE,Male,,7.59 [4.62-11.54],7.59434,4.61680,11.54247,,,
CHILDMORT10TO19,Adolescent mortality rate (per 1 000 age specific cohort),,PUBLISHED,Published,,2015,2015,,SEAR,South-East Asia,,BTN,2015,2015,Bhutan,,YEARS15-19,15-19 years,,MLE,Male,,7.45 [4.4-11.48],7.45451,4.39616,11.47793,,,
CHILDMORT10TO19,Adolescent mortality rate (per 1 000 age specific cohort),,PUBLISHED,Published,,2016,2016,,SEAR,South-East Asia,,BTN,2016,2016,Bhutan,,YEARS15-19,15-19 years,,MLE,Male,,7.29 [4.19-11.36],7.29157,4.19077,11.35822,,,
CHILDMORT10TO19,Adolescent mortality rate (per 1 000 age specific cohort),,PUBLISHED,Published,,2017,2017,,SEAR,South-East Asia,,BTN,2017,2017,Bhutan,,YEARS15-19,15-19 years,,MLE,Male,,7.16 [4.01-11.22],7.16354,4.01134,11.21985,,,
CHILDMORT10TO19,Adolescent mortality rate (per 1 000 age specific cohort),,PUBLISHED,Published,,2018,2018,,SEAR,South-East Asia,,BTN,2018,2018,Bhutan,,YEARS15-19,15-19 years,,MLE,Male,,6.99 [3.83-11.07],6.98852,3.83477,11.06535,,,
CHILDMORT10TO19,Adolescent mortality rate (per 1 000 age specific cohort),,PUBLISHED,Published,,2019,2019,,SEAR,South-East Asia,,BTN,2019,2019,Bhutan,,YEARS15-19,15-19 years,,MLE,Male,,6.81 [3.65-10.92],6.80802,3.64519,10.91930,,,
CHILDMORT10TO19,Adolescent mortality rate (per 1 000 age specific cohort),,PUBLISHED,Published,,2020,2020,,SEAR,South-East Asia,,BTN,2020,2020,Bhutan,,YEARS15-19,15-19 years,,MLE,Male,,6.63 [3.5-10.72],6.62589,3.49622,10.71797,,,
CHILDMORT10TO19,Adolescent mortality rate (per 1 000 age specific cohort),,PUBLISHED,Published,,2021,2021,,SEAR,South-East Asia,,BTN,2021,2021,Bhutan,,YEARS15-19,15-19 years,,MLE,Male,,6.46 [3.32-10.54],6.46433,3.32117,10.53501,,,
CHILDMORT10TO19,Adolescent mortality rate (per 1 000 age specific cohort),,PUBLISHED,Published,,1990,1990,,SEAR,South-East Asia,,BTN,1990,1990,Bhutan,,YEARS15-19,15-19 years,,BTSX,Both sexes,,16.64 [10.41-23.67],16.63904,10.40826,23.66637,,,
CHILDMORT10TO19,Adolescent mortality rate (per 1 000 age specific cohort),,PUBLISHED,Published,,1991,1991,,SEAR,South-East Asia,,BTN,1991,1991,Bhutan,,YEARS15-19,15-19 years,,BTSX,Both sexes,,15.6 [10.32-21.99],15.59725,10.32067,21.99316,,,
CHILDMORT10TO19,Adolescent mortality rate (per 1 000 age specific cohort),,PUBLISHED,Published,,1992,1992,,SEAR,South-East Asia,,BTN,1992,1992,Bhutan,,YEARS15-19,15-19 years,,BTSX,Both sexes,,14.6 [10.13-20.41],14.59787,10.12633,20.41399,,,
CHILDMORT10TO19,Adolescent mortality rate (per 1 000 age specific cohort),,PUBLISHED,Published,,1993,1993,,SEAR,South-East Asia,,BTN,1993,1993,Bhutan,,YEARS15-19,15-19 years,,BTSX,Both sexes,,13.69 [9.87-18.82],13.69445,9.86521,18.82387,,,
CHILDMORT10TO19,Adolescent mortality rate (per 1 000 age specific cohort),,PUBLISHED,Published,,1994,1994,,SEAR,South-East Asia,,BTN,1994,1994,Bhutan,,YEARS15-19,15-19 years,,BTSX,Both sexes,,12.83 [9.52-17.43],12.82929,9.51894,17.43026,,,
CHILDMORT10TO19,Adolescent mortality rate (per 1 000 age specific cohort),,PUBLISHED,Published,,1995,1995,,SEAR,South-East Asia,,BTN,1995,1995,Bhutan,,YEARS15-19,15-19 years,,BTSX,Both sexes,,12.09 [9.2-16.13],12.09432,9.19778,16.12593,,,
CHILDMORT10TO19,Adolescent mortality rate (per 1 000 age specific cohort),,PUBLISHED,Published,,1996,1996,,SEAR,South-East Asia,,BTN,1996,1996,Bhutan,,YEARS15-19,15-19 years,,BTSX,Both sexes,,11.42 [8.85-15.05],11.41571,8.85447,15.05090,,,
CHILDMORT10TO19,Adolescent mortality rate (per 1 000 age specific cohort),,PUBLISHED,Published,,1997,1997,,SEAR,South-East Asia,,BTN,1997,1997,Bhutan,,YEARS15-19,15-19 years,,BTSX,Both sexes,,10.81 [8.49-14.06],10.80739,8.48617,14.05602,,,
CHILDMORT10TO19,Adolescent mortality rate (per 1 000 age specific cohort),,PUBLISHED,Published,,1998,1998,,SEAR,South-East Asia,,BTN,1998,1998,Bhutan,,YEARS15-19,15-19 years,,BTSX,Both sexes,,10.25 [8.14-13.19],10.24625,8.13638,13.18874,,,
CHILDMORT10TO19,Adolescent mortality rate (per 1 000 age specific cohort),,PUBLISHED,Published,,1999,1999,,SEAR,South-East Asia,,BTN,1999,1999,Bhutan,,YEARS15-19,15-19 years,,BTSX,Both sexes,,9.77 [7.8-12.46],9.76643,7.79921,12.45725,,,
CHILDMORT10TO19,Adolescent mortality rate (per 1 000 age specific cohort),,PUBLISHED,Published,,2000,2000,,SEAR,South-East Asia,,BTN,2000,2000,Bhutan,,YEARS15-19,15-19 years,,BTSX,Both sexes,,9.36 [7.5-11.83],9.36227,7.49885,11.83284,,,
CHILDMORT10TO19,Adolescent mortality rate (per 1 000 age specific cohort),,PUBLISHED,Published,,2001,2001,,SEAR,South-East Asia,,BTN,2001,2001,Bhutan,,YEARS15-19,15-19 years,,BTSX,Both sexes,,9 [7.19-11.31],8.99804,7.18591,11.31493,,,
CHILDMORT10TO19,Adolescent mortality rate (per 1 000 age specific cohort),,PUBLISHED,Published,,2002,2002,,SEAR,South-East Asia,,BTN,2002,2002,Bhutan,,YEARS15-19,15-19 years,,BTSX,Both sexes,,8.67 [6.91-10.89],8.67059,6.91150,10.89055,,,
CHILDMORT10TO19,Adolescent mortality rate (per 1 000 age specific cohort),,PUBLISHED,Published,,2003,2003,,SEAR,South-East Asia,,BTN,2003,2003,Bhutan,,YEARS15-19,15-19 years,,BTSX,Both sexes,,8.4 [6.68-10.57],8.39989,6.68252,10.57394,,,
CHILDMORT10TO19,Adolescent mortality rate (per 1 000 age specific cohort),,PUBLISHED,Published,,2004,2004,,SEAR,South-East Asia,,BTN,2004,2004,Bhutan,,YEARS15-19,15-19 years,,BTSX,Both sexes,,8.15 [6.47-10.3],8.15319,6.46651,10.30372,,,
CHILDMORT10TO19,Adolescent mortality rate (per 1 000 age specific cohort),,PUBLISHED,Published,,2005,2005,,SEAR,South-East Asia,,BTN,2005,2005,Bhutan,,YEARS15-19,15-19 years,,BTSX,Both sexes,,7.91 [6.21-10.11],7.91449,6.21124,10.11031,,,
CHILDMORT10TO19,Adolescent mortality rate (per 1 000 age specific cohort),,PUBLISHED,Published,,2006,2006,,SEAR,South-East Asia,,BTN,2006,2006,Bhutan,,YEARS15-19,15-19 years,,BTSX,Both sexes,,7.68 [5.98-9.93],7.68336,5.98103,9.92711,,,
CHILDMORT10TO19,Adolescent mortality rate (per 1 000 age specific cohort),,PUBLISHED,Published,,2007,2007,,SEAR,South-East Asia,,BTN,2007,2007,Bhutan,,YEARS15-19,15-19 years,,BTSX,Both sexes,,7.49 [5.75-9.81],7.48547,5.75119,9.80914,,,
CHILDMORT10TO19,Adolescent mortality rate (per 1 000 age specific cohort),,PUBLISHED,Published,,2008,2008,,SEAR,South-East Asia,,BTN,2008,2008,Bhutan,,YEARS15-19,15-19 years,,BTSX,Both sexes,,7.3 [5.54-9.75],7.30313,5.53971,9.75129,,,
CHILDMORT10TO19,Adolescent mortality rate (per 1 000 age specific cohort),,PUBLISHED,Published,,2009,2009,,SEAR,South-East Asia,,BTN,2009,2009,Bhutan,,YEARS15-19,15-19 years,,BTSX,Both sexes,,7.11 [5.29-9.7],7.10808,5.28797,9.70404,,,
CHILDMORT10TO19,Adolescent mortality rate (per 1 000 age specific cohort),,PUBLISHED,Published,,2010,2010,,SEAR,South-East Asia,,BTN,2010,2010,Bhutan,,YEARS15-19,15-19 years,,BTSX,Both sexes,,6.93 [5.03-9.71],6.93242,5.02877,9.70669,,,
CHILDMORT10TO19,Adolescent mortality rate (per 1 000 age specific cohort),,PUBLISHED,Published,,2011,2011,,SEAR,South-East Asia,,BTN,2011,2011,Bhutan,,YEARS15-19,15-19 years,,BTSX,Both sexes,,6.76 [4.77-9.7],6.76118,4.76721,9.69800,,,
CHILDMORT10TO19,Adolescent mortality rate (per 1 000 age specific cohort),,PUBLISHED,Published,,2012,2012,,SEAR,South-East Asia,,BTN,2012,2012,Bhutan,,YEARS15-19,15-19 years,,BTSX,Both sexes,,6.59 [4.49-9.69],6.59423,4.49500,9.68749,,,
CHILDMORT10TO19,Adolescent mortality rate (per 1 000 age specific cohort),,PUBLISHED,Published,,2013,2013,,SEAR,South-East Asia,,BTN,2013,2013,Bhutan,,YEARS15-19,15-19 years,,BTSX,Both sexes,,6.45 [4.23-9.63],6.44618,4.22733,9.63312,,,
CHILDMORT10TO19,Adolescent mortality rate (per 1 000 age specific cohort),,PUBLISHED,Published,,2014,2014,,SEAR,South-East Asia,,BTN,2014,2014,Bhutan,,YEARS15-19,15-19 years,,BTSX,Both sexes,,6.28 [3.96-9.49],6.27938,3.95649,9.49500,,,
CHILDMORT10TO19,Adolescent mortality rate (per 1 000 age specific cohort),,PUBLISHED,Published,,2015,2015,,SEAR,South-East Asia,,BTN,2015,2015,Bhutan,,YEARS15-19,15-19 years,,BTSX,Both sexes,,6.13 [3.76-9.32],6.12794,3.76025,9.32469,,,
CHILDMORT10TO19,Adolescent mortality rate (per 1 000 age specific cohort),,PUBLISHED,Published,,2016,2016,,SEAR,South-East Asia,,BTN,2016,2016,Bhutan,,YEARS15-19,15-19 years,,BTSX,Both sexes,,5.96 [3.57-9.15],5.95839,3.57485,9.14906,,,
CHILDMORT10TO19,Adolescent mortality rate (per 1 000 age specific cohort),,PUBLISHED,Published,,2017,2017,,SEAR,South-East Asia,,BTN,2017,2017,Bhutan,,YEARS15-19,15-19 years,,BTSX,Both sexes,,5.81 [3.4-8.99],5.80696,3.40245,8.98873,,,
CHILDMORT10TO19,Adolescent mortality rate (per 1 000 age specific cohort),,PUBLISHED,Published,,2018,2018,,SEAR,South-East Asia,,BTN,2018,2018,Bhutan,,YEARS15-19,15-19 years,,BTSX,Both sexes,,5.63 [3.24-8.82],5.63365,3.23905,8.82489,,,
CHILDMORT10TO19,Adolescent mortality rate (per 1 000 age specific cohort),,PUBLISHED,Published,,2019,2019,,SEAR,South-East Asia,,BTN,2019,2019,Bhutan,,YEARS15-19,15-19 years,,BTSX,Both sexes,,5.46 [3.08-8.63],5.46123,3.08102,8.62741,,,
CHILDMORT10TO19,Adolescent mortality rate (per 1 000 age specific cohort),,PUBLISHED,Published,,2020,2020,,SEAR,South-East Asia,,BTN,2020,2020,Bhutan,,YEARS15-19,15-19 years,,BTSX,Both sexes,,5.3 [2.91-8.46],5.30051,2.91439,8.45643,,,
CHILDMORT10TO19,Adolescent mortality rate (per 1 000 age specific cohort),,PUBLISHED,Published,,2021,2021,,SEAR,South-East Asia,,BTN,2021,2021,Bhutan,,YEARS15-19,15-19 years,,BTSX,Both sexes,,5.16 [2.79-8.3],5.16347,2.78629,8.29659,,,
CHILDMORT10TO19,Adolescent mortality rate (per 1 000 age specific cohort),,PUBLISHED,Published,,1990,1990,,SEAR,South-East Asia,,BTN,1990,1990,Bhutan,,YEARS10-19,10-19 years of age,,FMLE,Female,,18.98 [13.11-32.07],18.98303,13.10561,32.06594,,,
CHILDMORT10TO19,Adolescent mortality rate (per 1 000 age specific cohort),,PUBLISHED,Published,,1991,1991,,SEAR,South-East Asia,,BTN,1991,1991,Bhutan,,YEARS10-19,10-19 years of age,,FMLE,Female,,17.7 [12.57-29.21],17.69743,12.57304,29.21110,,,
CHILDMORT10TO19,Adolescent mortality rate (per 1 000 age specific cohort),,PUBLISHED,Published,,1992,1992,,SEAR,South-East Asia,,BTN,1992,1992,Bhutan,,YEARS10-19,10-19 years of age,,FMLE,Female,,16.47 [12.1-26.2],16.47002,12.09935,26.20109,,,
CHILDMORT10TO19,Adolescent mortality rate (per 1 000 age specific cohort),,PUBLISHED,Published,,1993,1993,,SEAR,South-East Asia,,BTN,1993,1993,Bhutan,,YEARS10-19,10-19 years of age,,FMLE,Female,,15.35 [11.36-23.78],15.35395,11.35905,23.78386,,,
CHILDMORT10TO19,Adolescent mortality rate (per 1 000 age specific cohort),,PUBLISHED,Published,,1994,1994,,SEAR,South-East Asia,,BTN,1994,1994,Bhutan,,YEARS10-19,10-19 years of age,,FMLE,Female,,14.3 [10.62-22.03],14.30159,10.62382,22.02978,,,
CHILDMORT10TO19,Adolescent mortality rate (per 1 000 age specific cohort),,PUBLISHED,Published,,1995,1995,,SEAR,South-East Asia,,BTN,1995,1995,Bhutan,,YEARS10-19,10-19 years of age,,FMLE,Female,,13.51 [10.02-20.74],13.51083,10.01510,20.73524,,,
CHILDMORT10TO19,Adolescent mortality rate (per 1 000 age specific cohort),,PUBLISHED,Published,,1996,1996,,SEAR,South-East Asia,,BTN,1996,1996,Bhutan,,YEARS10-19,10-19 years of age,,FMLE,Female,,12.74 [9.38-19.51],12.73763,9.37854,19.50546,,,
CHILDMORT10TO19,Adolescent mortality rate (per 1 000 age specific cohort),,PUBLISHED,Published,,1997,1997,,SEAR,South-East Asia,,BTN,1997,1997,Bhutan,,YEARS10-19,10-19 years of age,,FMLE,Female,,12.1 [8.91-18.46],12.09580,8.90833,18.46371,,,
CHILDMORT10TO19,Adolescent mortality rate (per 1 000 age specific cohort),,PUBLISHED,Published,,1998,1998,,SEAR,South-East Asia,,BTN,1998,1998,Bhutan,,YEARS10-19,10-19 years of age,,FMLE,Female,,11.57 [8.4-17.71],11.57476,8.39834,17.70514,,,
CHILDMORT10TO19,Adolescent mortality rate (per 1 000 age specific cohort),,PUBLISHED,Published,,1999,1999,,SEAR,South-East Asia,,BTN,1999,1999,Bhutan,,YEARS10-19,10-19 years of age,,FMLE,Female,,11.1 [7.96-16.99],11.10413,7.96432,16.98713,,,
CHILDMORT10TO19,Adolescent mortality rate (per 1 000 age specific cohort),,PUBLISHED,Published,,2000,2000,,SEAR,South-East Asia,,BTN,2000,2000,Bhutan,,YEARS10-19,10-19 years of age,,FMLE,Female,,11.38 [7.82-17.59],11.38260,7.82294,17.58750,,,
CHILDMORT10TO19,Adolescent mortality rate (per 1 000 age specific cohort),,PUBLISHED,Published,,2001,2001,,SEAR,South-East Asia,,BTN,2001,2001,Bhutan,,YEARS10-19,10-19 years of age,,FMLE,Female,,10.54 [7.24-15.94],10.53644,7.23531,15.93857,,,
CHILDMORT10TO19,Adolescent mortality rate (per 1 000 age specific cohort),,PUBLISHED,Published,,2002,2002,,SEAR,South-East Asia,,BTN,2002,2002,Bhutan,,YEARS10-19,10-19 years of age,,FMLE,Female,,10.37 [7.08-15.54],10.37413,7.07582,15.53871,,,
CHILDMORT10TO19,Adolescent mortality rate (per 1 000 age specific cohort),,PUBLISHED,Published,,2003,2003,,SEAR,South-East Asia,,BTN,2003,2003,Bhutan,,YEARS10-19,10-19 years of age,,FMLE,Female,,10.33 [7.03-15.19],10.32544,7.03011,15.19436,,,
CHILDMORT10TO19,Adolescent mortality rate (per 1 000 age specific cohort),,PUBLISHED,Published,,2004,2004,,SEAR,South-East Asia,,BTN,2004,2004,Bhutan,,YEARS10-19,10-19 years of age,,FMLE,Female,,10.3 [6.96-14.9],10.30049,6.96341,14.90132,,,
CHILDMORT10TO19,Adolescent mortality rate (per 1 000 age specific cohort),,PUBLISHED,Published,,2005,2005,,SEAR,South-East Asia,,BTN,2005,2005,Bhutan,,YEARS10-19,10-19 years of age,,FMLE,Female,,10.23 [6.84-14.69],10.23161,6.84159,14.68502,,,
CHILDMORT10TO19,Adolescent mortality rate (per 1 000 age specific cohort),,PUBLISHED,Published,,2006,2006,,SEAR,South-East Asia,,BTN,2006,2006,Bhutan,,YEARS10-19,10-19 years of age,,FMLE,Female,,10.17 [6.77-14.58],10.17482,6.77371,14.58347,,,
CHILDMORT10TO19,Adolescent mortality rate (per 1 000 age specific cohort),,PUBLISHED,Published,,2007,2007,,SEAR,South-East Asia,,BTN,2007,2007,Bhutan,,YEARS10-19,10-19 years of age,,FMLE,Female,,10.15 [6.7-14.49],10.15221,6.70179,14.49467,,,
CHILDMORT10TO19,Adolescent mortality rate (per 1 000 age specific cohort),,PUBLISHED,Published,,2008,2008,,SEAR,South-East Asia,,BTN,2008,2008,Bhutan,,YEARS10-19,10-19 years of age,,FMLE,Female,,10.15 [6.68-14.43],10.14581,6.68077,14.43464,,,
CHILDMORT10TO19,Adolescent mortality rate (per 1 000 age specific cohort),,PUBLISHED,Published,,2009,2009,,SEAR,South-East Asia,,BTN,2009,2009,Bhutan,,YEARS10-19,10-19 years of age,,FMLE,Female,,10.11 [6.61-14.36],10.11271,6.60753,14.36274,,,
CHILDMORT10TO19,Adolescent mortality rate (per 1 000 age specific cohort),,PUBLISHED,Published,,2010,2010,,SEAR,South-East Asia,,BTN,2010,2010,Bhutan,,YEARS10-19,10-19 years of age,,FMLE,Female,,10.12 [6.49-14.34],10.11648,6.48890,14.33687,,,
CHILDMORT10TO19,Adolescent mortality rate (per 1 000 age specific cohort),,PUBLISHED,Published,,2011,2011,,SEAR,South-East Asia,,BTN,2011,2011,Bhutan,,YEARS10-19,10-19 years of age,,FMLE,Female,,10.1 [6.4-14.43],10.09837,6.40295,14.43135,,,
CHILDMORT10TO19,Adolescent mortality rate (per 1 000 age specific cohort),,PUBLISHED,Published,,2012,2012,,SEAR,South-East Asia,,BTN,2012,2012,Bhutan,,YEARS10-19,10-19 years of age,,FMLE,Female,,10.08 [6.27-14.65],10.07523,6.27097,14.65316,,,
CHILDMORT10TO19,Adolescent mortality rate (per 1 000 age specific cohort),,PUBLISHED,Published,,2013,2013,,SEAR,South-East Asia,,BTN,2013,2013,Bhutan,,YEARS10-19,10-19 years of age,,FMLE,Female,,10.01 [5.99-14.86],10.01156,5.98960,14.86081,,,
CHILDMORT10TO19,Adolescent mortality rate (per 1 000 age specific cohort),,PUBLISHED,Published,,2014,2014,,SEAR,South-East Asia,,BTN,2014,2014,Bhutan,,YEARS10-19,10-19 years of age,,FMLE,Female,,9.86 [5.76-14.95],9.86130,5.75893,14.95249,,,
CHILDMORT10TO19,Adolescent mortality rate (per 1 000 age specific cohort),,PUBLISHED,Published,,2015,2015,,SEAR,South-East Asia,,BTN,2015,2015,Bhutan,,YEARS10-19,10-19 years of age,,FMLE,Female,,9.69 [5.57-15],9.69128,5.56896,15.00273,,,
CHILDMORT10TO19,Adolescent mortality rate (per 1 000 age specific cohort),,PUBLISHED,Published,,2016,2016,,SEAR,South-East Asia,,BTN,2016,2016,Bhutan,,YEARS10-19,10-19 years of age,,FMLE,Female,,9.47 [5.36-14.94],9.47121,5.35828,14.94181,,,
CHILDMORT10TO19,Adolescent mortality rate (per 1 000 age specific cohort),,PUBLISHED,Published,,2017,2017,,SEAR,South-East Asia,,BTN,2017,2017,Bhutan,,YEARS10-19,10-19 years of age,,FMLE,Female,,9.23 [5.15-14.71],9.22744,5.14790,14.71029,,,
CHILDMORT10TO19,Adolescent mortality rate (per 1 000 age specific cohort),,PUBLISHED,Published,,2018,2018,,SEAR,South-East Asia,,BTN,2018,2018,Bhutan,,YEARS10-19,10-19 years of age,,FMLE,Female,,8.99 [4.98-14.58],8.98531,4.97884,14.58350,,,
CHILDMORT10TO19,Adolescent mortality rate (per 1 000 age specific cohort),,PUBLISHED,Published,,2019,2019,,SEAR,South-East Asia,,BTN,2019,2019,Bhutan,,YEARS10-19,10-19 years of age,,FMLE,Female,,8.73 [4.78-14.48],8.73010,4.77817,14.48009,,,
CHILDMORT10TO19,Adolescent mortality rate (per 1 000 age specific cohort),,PUBLISHED,Published,,2020,2020,,SEAR,South-East Asia,,BTN,2020,2020,Bhutan,,YEARS10-19,10-19 years of age,,FMLE,Female,,8.45 [4.57-14.3],8.45190,4.56710,14.29562,,,
CHILDMORT10TO19,Adolescent mortality rate (per 1 000 age specific cohort),,PUBLISHED,Published,,2021,2021,,SEAR,South-East Asia,,BTN,2021,2021,Bhutan,,YEARS10-19,10-19 years of age,,FMLE,Female,,8.22 [4.41-14.08],8.22370,4.40866,14.08260,,,
CHILDMORT10TO19,Adolescent mortality rate (per 1 000 age specific cohort),,PUBLISHED,Published,,1990,1990,,SEAR,South-East Asia,,BTN,1990,1990,Bhutan,,YEARS10-19,10-19 years of age,,MLE,Male,,18.79 [13.22-36.04],18.78549,13.21966,36.03964,,,
CHILDMORT10TO19,Adolescent mortality rate (per 1 000 age specific cohort),,PUBLISHED,Published,,1991,1991,,SEAR,South-East Asia,,BTN,1991,1991,Bhutan,,YEARS10-19,10-19 years of age,,MLE,Male,,18.22 [13.07-33.3],18.22143,13.06668,33.30024,,,
CHILDMORT10TO19,Adolescent mortality rate (per 1 000 age specific cohort),,PUBLISHED,Published,,1992,1992,,SEAR,South-East Asia,,BTN,1992,1992,Bhutan,,YEARS10-19,10-19 years of age,,MLE,Male,,17.7 [12.89-30.53],17.69961,12.89063,30.52592,,,
CHILDMORT10TO19,Adolescent mortality rate (per 1 000 age specific cohort),,PUBLISHED,Published,,1993,1993,,SEAR,South-East Asia,,BTN,1993,1993,Bhutan,,YEARS10-19,10-19 years of age,,MLE,Male,,17.27 [12.57-28.46],17.27261,12.56792,28.45810,,,
CHILDMORT10TO19,Adolescent mortality rate (per 1 000 age specific cohort),,PUBLISHED,Published,,1994,1994,,SEAR,South-East Asia,,BTN,1994,1994,Bhutan,,YEARS10-19,10-19 years of age,,MLE,Male,,16.85 [12.29-27.09],16.84640,12.29006,27.08979,,,
CHILDMORT10TO19,Adolescent mortality rate (per 1 000 age specific cohort),,PUBLISHED,Published,,1995,1995,,SEAR,South-East Asia,,BTN,1995,1995,Bhutan,,YEARS10-19,10-19 years of age,,MLE,Male,,16.44 [11.97-26.05],16.44483,11.96710,26.05207,,,
CHILDMORT10TO19,Adolescent mortality rate (per 1 000 age specific cohort),,PUBLISHED,Published,,1996,1996,,SEAR,South-East Asia,,BTN,1996,1996,Bhutan,,YEARS10-19,10-19 years of age,,MLE,Male,,16.14 [11.85-25.23],16.13520,11.84508,25.22595,,,
CHILDMORT10TO19,Adolescent mortality rate (per 1 000 age specific cohort),,PUBLISHED,Published,,1997,1997,,SEAR,South-East Asia,,BTN,1997,1997,Bhutan,,YEARS10-19,10-19 years of age,,MLE,Male,,15.85 [11.53-24.31],15.84662,11.53065,24.31000,,,
CHILDMORT10TO19,Adolescent mortality rate (per 1 000 age specific cohort),,PUBLISHED,Published,,1998,1998,,SEAR,South-East Asia,,BTN,1998,1998,Bhutan,,YEARS10-19,10-19 years of age,,MLE,Male,,15.55 [11.34-23.56],15.55053,11.33899,23.56400,,,
CHILDMORT10TO19,Adolescent mortality rate (per 1 000 age specific cohort),,PUBLISHED,Published,,1999,1999,,SEAR,South-East Asia,,BTN,1999,1999,Bhutan,,YEARS10-19,10-19 years of age,,MLE,Male,,15.31 [11.14-22.93],15.30963,11.14210,22.92760,,,
CHILDMORT10TO19,Adolescent mortality rate (per 1 000 age specific cohort),,PUBLISHED,Published,,2000,2000,,SEAR,South-East Asia,,BTN,2000,2000,Bhutan,,YEARS10-19,10-19 years of age,,MLE,Male,,15.7 [11.17-23.46],15.70221,11.17477,23.45503,,,
CHILDMORT10TO19,Adolescent mortality rate (per 1 000 age specific cohort),,PUBLISHED,Published,,2001,2001,,SEAR,South-East Asia,,BTN,2001,2001,Bhutan,,YEARS10-19,10-19 years of age,,MLE,Male,,14.8 [10.68-21.49],14.80473,10.67541,21.49048,,,
CHILDMORT10TO19,Adolescent mortality rate (per 1 000 age specific cohort),,PUBLISHED,Published,,2002,2002,,SEAR,South-East Asia,,BTN,2002,2002,Bhutan,,YEARS10-19,10-19 years of age,,MLE,Male,,14.59 [10.48-20.87],14.59214,10.47645,20.87321,,,
CHILDMORT10TO19,Adolescent mortality rate (per 1 000 age specific cohort),,PUBLISHED,Published,,2003,2003,,SEAR,South-East Asia,,BTN,2003,2003,Bhutan,,YEARS10-19,10-19 years of age,,MLE,Male,,14.42 [10.26-20.25],14.41717,10.25976,20.25145,,,
CHILDMORT10TO19,Adolescent mortality rate (per 1 000 age specific cohort),,PUBLISHED,Published,,2004,2004,,SEAR,South-East Asia,,BTN,2004,2004,Bhutan,,YEARS10-19,10-19 years of age,,MLE,Male,,14.29 [10.11-19.7],14.28527,10.11387,19.69711,,,
CHILDMORT10TO19,Adolescent mortality rate (per 1 000 age specific cohort),,PUBLISHED,Published,,2005,2005,,SEAR,South-East Asia,,BTN,2005,2005,Bhutan,,YEARS10-19,10-19 years of age,,MLE,Male,,14.21 [10.05-19.39],14.21179,10.05460,19.38675,,,
CHILDMORT10TO19,Adolescent mortality rate (per 1 000 age specific cohort),,PUBLISHED,Published,,2006,2006,,SEAR,South-East Asia,,BTN,2006,2006,Bhutan,,YEARS10-19,10-19 years of age,,MLE,Male,,14.08 [9.9-19.2],14.08456,9.90232,19.20403,,,
CHILDMORT10TO19,Adolescent mortality rate (per 1 000 age specific cohort),,PUBLISHED,Published,,2007,2007,,SEAR,South-East Asia,,BTN,2007,2007,Bhutan,,YEARS10-19,10-19 years of age,,MLE,Male,,13.97 [9.81-19.05],13.97253,9.80641,19.04713,,,
CHILDMORT10TO19,Adolescent mortality rate (per 1 000 age specific cohort),,PUBLISHED,Published,,2008,2008,,SEAR,South-East Asia,,BTN,2008,2008,Bhutan,,YEARS10-19,10-19 years of age,,MLE,Male,,13.87 [9.69-18.86],13.87131,9.68531,18.85535,,,
CHILDMORT10TO19,Adolescent mortality rate (per 1 000 age specific cohort),,PUBLISHED,Published,,2009,2009,,SEAR,South-East Asia,,BTN,2009,2009,Bhutan,,YEARS10-19,10-19 years of age,,MLE,Male,,13.76 [9.55-18.72],13.75774,9.55118,18.72304,,,
CHILDMORT10TO19,Adolescent mortality rate (per 1 000 age specific cohort),,PUBLISHED,Published,,2010,2010,,SEAR,South-East Asia,,BTN,2010,2010,Bhutan,,YEARS10-19,10-19 years of age,,MLE,Male,,13.64 [9.31-18.57],13.64327,9.31369,18.56599,,,
CHILDMORT10TO19,Adolescent mortality rate (per 1 000 age specific cohort),,PUBLISHED,Published,,2011,2011,,SEAR,South-East Asia,,BTN,2011,2011,Bhutan,,YEARS10-19,10-19 years of age,,MLE,Male,,13.54 [9.11-18.65],13.53935,9.11002,18.64764,,,
CHILDMORT10TO19,Adolescent mortality rate (per 1 000 age specific cohort),,PUBLISHED,Published,,2012,2012,,SEAR,South-East Asia,,BTN,2012,2012,Bhutan,,YEARS10-19,10-19 years of age,,MLE,Male,,13.41 [8.89-18.77],13.40638,8.88695,18.76861,,,
CHILDMORT10TO19,Adolescent mortality rate (per 1 000 age specific cohort),,PUBLISHED,Published,,2013,2013,,SEAR,South-East Asia,,BTN,2013,2013,Bhutan,,YEARS10-19,10-19 years of age,,MLE,Male,,13.3 [8.53-18.98],13.29724,8.52702,18.98059,,,
CHILDMORT10TO19,Adolescent mortality rate (per 1 000 age specific cohort),,PUBLISHED,Published,,2014,2014,,SEAR,South-East Asia,,BTN,2014,2014,Bhutan,,YEARS10-19,10-19 years of age,,MLE,Male,,13.17 [8.22-19.19],13.16682,8.22113,19.19467,,,
CHILDMORT10TO19,Adolescent mortality rate (per 1 000 age specific cohort),,PUBLISHED,Published,,2015,2015,,SEAR,South-East Asia,,BTN,2015,2015,Bhutan,,YEARS10-19,10-19 years of age,,MLE,Male,,12.99 [7.97-19.28],12.99432,7.96776,19.27779,,,
CHILDMORT10TO19,Adolescent mortality rate (per 1 000 age specific cohort),,PUBLISHED,Published,,2016,2016,,SEAR,South-East Asia,,BTN,2016,2016,Bhutan,,YEARS10-19,10-19 years of age,,MLE,Male,,12.78 [7.71-19.17],12.77731,7.71078,19.16814,,,
CHILDMORT10TO19,Adolescent mortality rate (per 1 000 age specific cohort),,PUBLISHED,Published,,2017,2017,,SEAR,South-East Asia,,BTN,2017,2017,Bhutan,,YEARS10-19,10-19 years of age,,MLE,Male,,12.59 [7.54-19.12],12.59074,7.54286,19.11543,,,
CHILDMORT10TO19,Adolescent mortality rate (per 1 000 age specific cohort),,PUBLISHED,Published,,2018,2018,,SEAR,South-East Asia,,BTN,2018,2018,Bhutan,,YEARS10-19,10-19 years of age,,MLE,Male,,12.34 [7.31-19.04],12.34151,7.30887,19.03843,,,
CHILDMORT10TO19,Adolescent mortality rate (per 1 000 age specific cohort),,PUBLISHED,Published,,2019,2019,,SEAR,South-East Asia,,BTN,2019,2019,Bhutan,,YEARS10-19,10-19 years of age,,MLE,Male,,12.06 [7.07-18.94],12.06209,7.06605,18.93949,,,
CHILDMORT10TO19,Adolescent mortality rate (per 1 000 age specific cohort),,PUBLISHED,Published,,2020,2020,,SEAR,South-East Asia,,BTN,2020,2020,Bhutan,,YEARS10-19,10-19 years of age,,MLE,Male,,11.78 [6.85-18.8],11.78454,6.85363,18.79808,,,
CHILDMORT10TO19,Adolescent mortality rate (per 1 000 age specific cohort),,PUBLISHED,Published,,2021,2021,,SEAR,South-East Asia,,BTN,2021,2021,Bhutan,,YEARS10-19,10-19 years of age,,MLE,Male,,11.53 [6.6-18.61],11.52664,6.60225,18.61111,,,
CHILDMORT10TO19,Adolescent mortality rate (per 1 000 age specific cohort),,PUBLISHED,Published,,1990,1990,,SEAR,South-East Asia,,BTN,1990,1990,Bhutan,,YEARS10-19,10-19 years of age,,BTSX,Both sexes,,18.88 [12.26-32.53],18.88218,12.25688,32.52554,,,
CHILDMORT10TO19,Adolescent mortality rate (per 1 000 age specific cohort),,PUBLISHED,Published,,1991,1991,,SEAR,South-East Asia,,BTN,1991,1991,Bhutan,,YEARS10-19,10-19 years of age,,BTSX,Both sexes,,17.96 [12.02-29.98],17.96366,12.02434,29.98041,,,
CHILDMORT10TO19,Adolescent mortality rate (per 1 000 age specific cohort),,PUBLISHED,Published,,1992,1992,,SEAR,South-East Asia,,BTN,1992,1992,Bhutan,,YEARS10-19,10-19 years of age,,BTSX,Both sexes,,17.1 [11.73-27.53],17.09505,11.73009,27.52647,,,
CHILDMORT10TO19,Adolescent mortality rate (per 1 000 age specific cohort),,PUBLISHED,Published,,1993,1993,,SEAR,South-East Asia,,BTN,1993,1993,Bhutan,,YEARS10-19,10-19 years of age,,BTSX,Both sexes,,16.33 [11.33-25.47],16.32940,11.33415,25.46639,,,
CHILDMORT10TO19,Adolescent mortality rate (per 1 000 age specific cohort),,PUBLISHED,Published,,1994,1994,,SEAR,South-East Asia,,BTN,1994,1994,Bhutan,,YEARS10-19,10-19 years of age,,BTSX,Both sexes,,15.6 [10.89-23.86],15.59561,10.88529,23.86305,,,
CHILDMORT10TO19,Adolescent mortality rate (per 1 000 age specific cohort),,PUBLISHED,Published,,1995,1995,,SEAR,South-East Asia,,BTN,1995,1995,Bhutan,,YEARS10-19,10-19 years of age,,BTSX,Both sexes,,15 [10.53-22.74],15.00298,10.52740,22.73833,,,
CHILDMORT10TO19,Adolescent mortality rate (per 1 000 age specific cohort),,PUBLISHED,Published,,1996,1996,,SEAR,South-East Asia,,BTN,1996,1996,Bhutan,,YEARS10-19,10-19 years of age,,BTSX,Both sexes,,14.47 [10.13-21.8],14.46579,10.13336,21.79651,,,
CHILDMORT10TO19,Adolescent mortality rate (per 1 000 age specific cohort),,PUBLISHED,Published,,1997,1997,,SEAR,South-East Asia,,BTN,1997,1997,Bhutan,,YEARS10-19,10-19 years of age,,BTSX,Both sexes,,14 [9.75-20.95],14.00381,9.75230,20.94740,,,
CHILDMORT10TO19,Adolescent mortality rate (per 1 000 age specific cohort),,PUBLISHED,Published,,1998,1998,,SEAR,South-East Asia,,BTN,1998,1998,Bhutan,,YEARS10-19,10-19 years of age,,BTSX,Both sexes,,13.6 [9.42-20.25],13.59751,9.42373,20.25333,,,
CHILDMORT10TO19,Adolescent mortality rate (per 1 000 age specific cohort),,PUBLISHED,Published,,1999,1999,,SEAR,South-East Asia,,BTN,1999,1999,Bhutan,,YEARS10-19,10-19 years of age,,BTSX,Both sexes,,13.26 [9.14-19.59],13.26024,9.14368,19.59204,,,
CHILDMORT10TO19,Adolescent mortality rate (per 1 000 age specific cohort),,PUBLISHED,Published,,2000,2000,,SEAR,South-East Asia,,BTN,2000,2000,Bhutan,,YEARS10-19,10-19 years of age,,BTSX,Both sexes,,13.62 [9.03-20.23],13.62376,9.02757,20.22627,,,
CHILDMORT10TO19,Adolescent mortality rate (per 1 000 age specific cohort),,PUBLISHED,Published,,2001,2001,,SEAR,South-East Asia,,BTN,2001,2001,Bhutan,,YEARS10-19,10-19 years of age,,BTSX,Both sexes,,12.77 [8.72-18.49],12.76953,8.72237,18.48605,,,
CHILDMORT10TO19,Adolescent mortality rate (per 1 000 age specific cohort),,PUBLISHED,Published,,2002,2002,,SEAR,South-East Asia,,BTN,2002,2002,Bhutan,,YEARS10-19,10-19 years of age,,BTSX,Both sexes,,12.59 [8.58-17.97],12.58763,8.57680,17.97330,,,
CHILDMORT10TO19,Adolescent mortality rate (per 1 000 age specific cohort),,PUBLISHED,Published,,2003,2003,,SEAR,South-East Asia,,BTN,2003,2003,Bhutan,,YEARS10-19,10-19 years of age,,BTSX,Both sexes,,12.47 [8.49-17.57],12.46868,8.49365,17.56501,,,
CHILDMORT10TO19,Adolescent mortality rate (per 1 000 age specific cohort),,PUBLISHED,Published,,2004,2004,,SEAR,South-East Asia,,BTN,2004,2004,Bhutan,,YEARS10-19,10-19 years of age,,BTSX,Both sexes,,12.37 [8.44-17.1],12.37354,8.44477,17.10349,,,
CHILDMORT10TO19,Adolescent mortality rate (per 1 000 age specific cohort),,PUBLISHED,Published,,2005,2005,,SEAR,South-East Asia,,BTN,2005,2005,Bhutan,,YEARS10-19,10-19 years of age,,BTSX,Both sexes,,12.29 [8.37-16.81],12.28661,8.37393,16.81025,,,
CHILDMORT10TO19,Adolescent mortality rate (per 1 000 age specific cohort),,PUBLISHED,Published,,2006,2006,,SEAR,South-East Asia,,BTN,2006,2006,Bhutan,,YEARS10-19,10-19 years of age,,BTSX,Both sexes,,12.19 [8.32-16.65],12.18790,8.31698,16.64578,,,
CHILDMORT10TO19,Adolescent mortality rate (per 1 000 age specific cohort),,PUBLISHED,Published,,2007,2007,,SEAR,South-East Asia,,BTN,2007,2007,Bhutan,,YEARS10-19,10-19 years of age,,BTSX,Both sexes,,12.13 [8.25-16.53],12.12658,8.25012,16.52954,,,
CHILDMORT10TO19,Adolescent mortality rate (per 1 000 age specific cohort),,PUBLISHED,Published,,2008,2008,,SEAR,South-East Asia,,BTN,2008,2008,Bhutan,,YEARS10-19,10-19 years of age,,BTSX,Both sexes,,12.09 [8.15-16.48],12.08623,8.14729,16.47585,,,
CHILDMORT10TO19,Adolescent mortality rate (per 1 000 age specific cohort),,PUBLISHED,Published,,2009,2009,,SEAR,South-East Asia,,BTN,2009,2009,Bhutan,,YEARS10-19,10-19 years of age,,BTSX,Both sexes,,12.03 [8.1-16.37],12.02871,8.09858,16.36687,,,
CHILDMORT10TO19,Adolescent mortality rate (per 1 000 age specific cohort),,PUBLISHED,Published,,2010,2010,,SEAR,South-East Asia,,BTN,2010,2010,Bhutan,,YEARS10-19,10-19 years of age,,BTSX,Both sexes,,11.99 [7.97-16.3],11.98507,7.96634,16.30433,,,
CHILDMORT10TO19,Adolescent mortality rate (per 1 000 age specific cohort),,PUBLISHED,Published,,2011,2011,,SEAR,South-East Asia,,BTN,2011,2011,Bhutan,,YEARS10-19,10-19 years of age,,BTSX,Both sexes,,11.93 [7.81-16.41],11.93075,7.80741,16.40859,,,
CHILDMORT10TO19,Adolescent mortality rate (per 1 000 age specific cohort),,PUBLISHED,Published,,2012,2012,,SEAR,South-East Asia,,BTN,2012,2012,Bhutan,,YEARS10-19,10-19 years of age,,BTSX,Both sexes,,11.85 [7.56-16.55],11.85284,7.55746,16.54639,,,
CHILDMORT10TO19,Adolescent mortality rate (per 1 000 age specific cohort),,PUBLISHED,Published,,2013,2013,,SEAR,South-East Asia,,BTN,2013,2013,Bhutan,,YEARS10-19,10-19 years of age,,BTSX,Both sexes,,11.76 [7.27-16.79],11.76318,7.26760,16.79029,,,
CHILDMORT10TO19,Adolescent mortality rate (per 1 000 age specific cohort),,PUBLISHED,Published,,2014,2014,,SEAR,South-East Asia,,BTN,2014,2014,Bhutan,,YEARS10-19,10-19 years of age,,BTSX,Both sexes,,11.62 [6.96-16.89],11.61622,6.95813,16.89043,,,
CHILDMORT10TO19,Adolescent mortality rate (per 1 000 age specific cohort),,PUBLISHED,Published,,2015,2015,,SEAR,South-East Asia,,BTN,2015,2015,Bhutan,,YEARS10-19,10-19 years of age,,BTSX,Both sexes,,11.43 [6.69-16.91],11.43317,6.69084,16.91145,,,
CHILDMORT10TO19,Adolescent mortality rate (per 1 000 age specific cohort),,PUBLISHED,Published,,2016,2016,,SEAR,South-East Asia,,BTN,2016,2016,Bhutan,,YEARS10-19,10-19 years of age,,BTSX,Both sexes,,11.2 [6.42-16.84],11.19908,6.41674,16.83825,,,
CHILDMORT10TO19,Adolescent mortality rate (per 1 000 age specific cohort),,PUBLISHED,Published,,2017,2017,,SEAR,South-East Asia,,BTN,2017,2017,Bhutan,,YEARS10-19,10-19 years of age,,BTSX,Both sexes,,10.97 [6.17-16.75],10.96878,6.16904,16.75405,,,
CHILDMORT10TO19,Adolescent mortality rate (per 1 000 age specific cohort),,PUBLISHED,Published,,2018,2018,,SEAR,South-East Asia,,BTN,2018,2018,Bhutan,,YEARS10-19,10-19 years of age,,BTSX,Both sexes,,10.71 [5.92-16.63],10.71008,5.92381,16.62728,,,
CHILDMORT10TO19,Adolescent mortality rate (per 1 000 age specific cohort),,PUBLISHED,Published,,2019,2019,,SEAR,South-East Asia,,BTN,2019,2019,Bhutan,,YEARS10-19,10-19 years of age,,BTSX,Both sexes,,10.43 [5.71-16.51],10.43488,5.71355,16.51056,,,
CHILDMORT10TO19,Adolescent mortality rate (per 1 000 age specific cohort),,PUBLISHED,Published,,2020,2020,,SEAR,South-East Asia,,BTN,2020,2020,Bhutan,,YEARS10-19,10-19 years of age,,BTSX,Both sexes,,10.15 [5.53-16.32],10.15446,5.53299,16.32343,,,
CHILDMORT10TO19,Adolescent mortality rate (per 1 000 age specific cohort),,PUBLISHED,Published,,2021,2021,,SEAR,South-East Asia,,BTN,2021,2021,Bhutan,,YEARS10-19,10-19 years of age,,BTSX,Both sexes,,9.91 [5.35-16.12],9.91187,5.34980,16.11946,,,
