GHO (CODE),GHO (DISPLAY),GHO (URL),PUBLISHSTATE (CODE),PUBLISHSTATE (DISPLAY),PUBLISHSTATE (URL),YEAR (CODE),YEAR (DISPLAY),YEAR (URL),REGION (CODE),REGION (DISPLAY),REGION (URL),COUNTRY (CODE),STARTYEAR,ENDYEAR,COUNTRY (DISPLAY),COUNTRY (URL),Display Value,Numeric,Low,High,StdErr,StdDev,Comments
#indicator+code,#indicator+name,#indicator+url,#status+code,#status+name,,,#date+year,,#region+code,#region+name,,#country+code,#date+year+start,#date+year+end,#country+name,,,#indicator+value+num,,,,,
MALARIA_IRS_COVERAGE,Number of people protected from malaria by indoor residual spraying (IRS),https://www.who.int/data/gho/indicator-metadata-registry/imr-details/2244,PUBLISHED,Published,,2018,2018,,SEAR,South-East Asia,,BTN,2018,2018,Bhutan,,76 809,76809.00000,,,,,
MALARIA_IRS_COVERAGE,Number of people protected from malaria by indoor residual spraying (IRS),https://www.who.int/data/gho/indicator-metadata-registry/imr-details/2244,PUBLISHED,Published,,2019,2019,,SEAR,South-East Asia,,BTN,2019,2019,Bhutan,,118 730,118730.00000,,,,,
MALARIA_IRS_COVERAGE,Number of people protected from malaria by indoor residual spraying (IRS),https://www.who.int/data/gho/indicator-metadata-registry/imr-details/2244,PUBLISHED,Published,,2020,2020,,SEAR,South-East Asia,,BTN,2020,2020,Bhutan,,122 406,122406.00000,,,,,
MALARIA_RDT_POS,Number of malaria positive cases by rapid diagnostic test (RDT),https://www.who.int/data/gho/indicator-metadata-registry/imr-details/2248,PUBLISHED,Published,,2015,2015,,SEAR,South-East Asia,,BTN,2015,2015,Bhutan,,20,20.00000,,,,,
MALARIA_RDT_POS,Number of malaria positive cases by rapid diagnostic test (RDT),https://www.who.int/data/gho/indicator-metadata-registry/imr-details/2248,PUBLISHED,Published,,2016,2016,,SEAR,South-East Asia,,BTN,2016,2016,Bhutan,,15,15.00000,,,,,
MALARIA_RDT_POS,Number of malaria positive cases by rapid diagnostic test (RDT),https://www.who.int/data/gho/indicator-metadata-registry/imr-details/2248,PUBLISHED,Published,,2018,2018,,SEAR,South-East Asia,,BTN,2018,2018,Bhutan,,5,5.00000,,,,,
MALARIA_RDT_POS,Number of malaria positive cases by rapid diagnostic test (RDT),https://www.who.int/data/gho/indicator-metadata-registry/imr-details/2248,PUBLISHED,Published,,2019,2019,,SEAR,South-East Asia,,BTN,2019,2019,Bhutan,,37,37.00000,,,,,
MALARIA_RDT_POS,Number of malaria positive cases by rapid diagnostic test (RDT),https://www.who.int/data/gho/indicator-metadata-registry/imr-details/2248,PUBLISHED,Published,,2020,2020,,SEAR,South-East Asia,,BTN,2020,2020,Bhutan,,8,8.00000,,,,,
MALARIA_PV_INDIG,Number of indigenous P. vivax malaria cases,https://www.who.int/data/gho/indicator-metadata-registry/imr-details/4636,PUBLISHED,Published,,2010,2010,,SEAR,South-East Asia,,BTN,2010,2010,Bhutan,,261,261.00000,,,,,
MALARIA_PV_INDIG,Number of indigenous P. vivax malaria cases,https://www.who.int/data/gho/indicator-metadata-registry/imr-details/4636,PUBLISHED,Published,,2011,2011,,SEAR,South-East Asia,,BTN,2011,2011,Bhutan,,92,92.00000,,,,,
MALARIA_PV_INDIG,Number of indigenous P. vivax malaria cases,https://www.who.int/data/gho/indicator-metadata-registry/imr-details/4636,PUBLISHED,Published,,2013,2013,,SEAR,South-East Asia,,BTN,2013,2013,Bhutan,,9,9.00000,,,,,
MALARIA_PV_INDIG,Number of indigenous P. vivax malaria cases,https://www.who.int/data/gho/indicator-metadata-registry/imr-details/4636,PUBLISHED,Published,,2014,2014,,SEAR,South-East Asia,,BTN,2014,2014,Bhutan,,8,8.00000,,,,,
MALARIA_PV_INDIG,Number of indigenous P. vivax malaria cases,https://www.who.int/data/gho/indicator-metadata-registry/imr-details/4636,PUBLISHED,Published,,2015,2015,,SEAR,South-East Asia,,BTN,2015,2015,Bhutan,,21,21.00000,,,,,
MALARIA_PV_INDIG,Number of indigenous P. vivax malaria cases,https://www.who.int/data/gho/indicator-metadata-registry/imr-details/4636,PUBLISHED,Published,,2016,2016,,SEAR,South-East Asia,,BTN,2016,2016,Bhutan,,13,13.00000,,,,,
MALARIA_PV_INDIG,Number of indigenous P. vivax malaria cases,https://www.who.int/data/gho/indicator-metadata-registry/imr-details/4636,PUBLISHED,Published,,2017,2017,,SEAR,South-East Asia,,BTN,2017,2017,Bhutan,,11,11.00000,,,,,
MALARIA_PV_INDIG,Number of indigenous P. vivax malaria cases,https://www.who.int/data/gho/indicator-metadata-registry/imr-details/4636,PUBLISHED,Published,,2018,2018,,SEAR,South-East Asia,,BTN,2018,2018,Bhutan,,5,5.00000,,,,,
MALARIA_PV_INDIG,Number of indigenous P. vivax malaria cases,https://www.who.int/data/gho/indicator-metadata-registry/imr-details/4636,PUBLISHED,Published,,2019,2019,,SEAR,South-East Asia,,BTN,2019,2019,Bhutan,,2,2.00000,,,,,
MALARIA_PV_INDIG,Number of indigenous P. vivax malaria cases,https://www.who.int/data/gho/indicator-metadata-registry/imr-details/4636,PUBLISHED,Published,,2020,2020,,SEAR,South-East Asia,,BTN,2020,2020,Bhutan,,22,22.00000,,,,,
MALARIA_IMPORTED,Number of imported malaria cases,https://www.who.int/data/gho/indicator-metadata-registry/imr-details/4637,PUBLISHED,Published,,2012,2012,,SEAR,South-East Asia,,BTN,2012,2012,Bhutan,,0,0.00000,,,,,
MALARIA_IMPORTED,Number of imported malaria cases,https://www.who.int/data/gho/indicator-metadata-registry/imr-details/4637,PUBLISHED,Published,,2013,2013,,SEAR,South-East Asia,,BTN,2013,2013,Bhutan,,23,23.00000,,,,,
MALARIA_IMPORTED,Number of imported malaria cases,https://www.who.int/data/gho/indicator-metadata-registry/imr-details/4637,PUBLISHED,Published,,2014,2014,,SEAR,South-East Asia,,BTN,2014,2014,Bhutan,,34,34.00000,,,,,
MALARIA_IMPORTED,Number of imported malaria cases,https://www.who.int/data/gho/indicator-metadata-registry/imr-details/4637,PUBLISHED,Published,,2015,2015,,SEAR,South-East Asia,,BTN,2015,2015,Bhutan,,70,70.00000,,,,,
MALARIA_IMPORTED,Number of imported malaria cases,https://www.who.int/data/gho/indicator-metadata-registry/imr-details/4637,PUBLISHED,Published,,2016,2016,,SEAR,South-East Asia,,BTN,2016,2016,Bhutan,,56,56.00000,,,,,
MALARIA_IMPORTED,Number of imported malaria cases,https://www.who.int/data/gho/indicator-metadata-registry/imr-details/4637,PUBLISHED,Published,,2017,2017,,SEAR,South-East Asia,,BTN,2017,2017,Bhutan,,38,38.00000,,,,,
MALARIA_IMPORTED,Number of imported malaria cases,https://www.who.int/data/gho/indicator-metadata-registry/imr-details/4637,PUBLISHED,Published,,2018,2018,,SEAR,South-East Asia,,BTN,2018,2018,Bhutan,,34,34.00000,,,,,
MALARIA_IMPORTED,Number of imported malaria cases,https://www.who.int/data/gho/indicator-metadata-registry/imr-details/4637,PUBLISHED,Published,,2019,2019,,SEAR,South-East Asia,,BTN,2019,2019,Bhutan,,30,30.00000,,,,,
MALARIA_IMPORTED,Number of imported malaria cases,https://www.who.int/data/gho/indicator-metadata-registry/imr-details/4637,PUBLISHED,Published,,2020,2020,,SEAR,South-East Asia,,BTN,2020,2020,Bhutan,,9,9.00000,,,,,
MALARIA_MICR_POS,Number of malaria positive cases by microscopy,https://www.who.int/data/gho/indicator-metadata-registry/imr-details/4641,PUBLISHED,Published,,2010,2010,,SEAR,South-East Asia,,BTN,2010,2010,Bhutan,,436,436.00000,,,,,
MALARIA_MICR_POS,Number of malaria positive cases by microscopy,https://www.who.int/data/gho/indicator-metadata-registry/imr-details/4641,PUBLISHED,Published,,2011,2011,,SEAR,South-East Asia,,BTN,2011,2011,Bhutan,,194,194.00000,,,,,
MALARIA_MICR_POS,Number of malaria positive cases by microscopy,https://www.who.int/data/gho/indicator-metadata-registry/imr-details/4641,PUBLISHED,Published,,2012,2012,,SEAR,South-East Asia,,BTN,2012,2012,Bhutan,,82,82.00000,,,,,
MALARIA_MICR_POS,Number of malaria positive cases by microscopy,https://www.who.int/data/gho/indicator-metadata-registry/imr-details/4641,PUBLISHED,Published,,2013,2013,,SEAR,South-East Asia,,BTN,2013,2013,Bhutan,,45,45.00000,,,,,
MALARIA_MICR_POS,Number of malaria positive cases by microscopy,https://www.who.int/data/gho/indicator-metadata-registry/imr-details/4641,PUBLISHED,Published,,2014,2014,,SEAR,South-East Asia,,BTN,2014,2014,Bhutan,,48,48.00000,,,,,
MALARIA_MICR_POS,Number of malaria positive cases by microscopy,https://www.who.int/data/gho/indicator-metadata-registry/imr-details/4641,PUBLISHED,Published,,2015,2015,,SEAR,South-East Asia,,BTN,2015,2015,Bhutan,,84,84.00000,,,,,
MALARIA_MICR_POS,Number of malaria positive cases by microscopy,https://www.who.int/data/gho/indicator-metadata-registry/imr-details/4641,PUBLISHED,Published,,2016,2016,,SEAR,South-East Asia,,BTN,2016,2016,Bhutan,,59,59.00000,,,,,
MALARIA_MICR_POS,Number of malaria positive cases by microscopy,https://www.who.int/data/gho/indicator-metadata-registry/imr-details/4641,PUBLISHED,Published,,2017,2017,,SEAR,South-East Asia,,BTN,2017,2017,Bhutan,,51,51.00000,,,,,
MALARIA_MICR_POS,Number of malaria positive cases by microscopy,https://www.who.int/data/gho/indicator-metadata-registry/imr-details/4641,PUBLISHED,Published,,2018,2018,,SEAR,South-East Asia,,BTN,2018,2018,Bhutan,,49,49.00000,,,,,
MALARIA_MICR_POS,Number of malaria positive cases by microscopy,https://www.who.int/data/gho/indicator-metadata-registry/imr-details/4641,PUBLISHED,Published,,2019,2019,,SEAR,South-East Asia,,BTN,2019,2019,Bhutan,,38,38.00000,,,,,
MALARIA_MICR_POS,Number of malaria positive cases by microscopy,https://www.who.int/data/gho/indicator-metadata-registry/imr-details/4641,PUBLISHED,Published,,2020,2020,,SEAR,South-East Asia,,BTN,2020,2020,Bhutan,,46,46.00000,,,,,
MALARIA_EST_CASES,Estimated number of malaria cases,https://www.who.int/data/gho/indicator-metadata-registry/imr-details/2971,PUBLISHED,Published,,2013,2013,,SEAR,South-East Asia,,BTN,2013,2013,Bhutan,,15,15.00000,,,,,
MALARIA_EST_CASES,Estimated number of malaria cases,https://www.who.int/data/gho/indicator-metadata-registry/imr-details/2971,PUBLISHED,Published,,2003,2003,,SEAR,South-East Asia,,BTN,2003,2003,Bhutan,,3 806,3806.00000,,,,,
MALARIA_EST_CASES,Estimated number of malaria cases,https://www.who.int/data/gho/indicator-metadata-registry/imr-details/2971,PUBLISHED,Published,,2007,2007,,SEAR,South-East Asia,,BTN,2007,2007,Bhutan,,793,793.00000,,,,,
MALARIA_EST_CASES,Estimated number of malaria cases,https://www.who.int/data/gho/indicator-metadata-registry/imr-details/2971,PUBLISHED,Published,,2019,2019,,SEAR,South-East Asia,,BTN,2019,2019,Bhutan,,2,2.00000,,,,,
MALARIA_EST_CASES,Estimated number of malaria cases,https://www.who.int/data/gho/indicator-metadata-registry/imr-details/2971,PUBLISHED,Published,,2009,2009,,SEAR,South-East Asia,,BTN,2009,2009,Bhutan,,1 057,1057.00000,,,,,
MALARIA_EST_CASES,Estimated number of malaria cases,https://www.who.int/data/gho/indicator-metadata-registry/imr-details/2971,PUBLISHED,Published,,2002,2002,,SEAR,South-East Asia,,BTN,2002,2002,Bhutan,,6 511,6511.00000,,,,,
MALARIA_EST_CASES,Estimated number of malaria cases,https://www.who.int/data/gho/indicator-metadata-registry/imr-details/2971,PUBLISHED,Published,,2012,2012,,SEAR,South-East Asia,,BTN,2012,2012,Bhutan,,82,82.00000,,,,,
MALARIA_EST_CASES,Estimated number of malaria cases,https://www.who.int/data/gho/indicator-metadata-registry/imr-details/2971,PUBLISHED,Published,,2017,2017,,SEAR,South-East Asia,,BTN,2017,2017,Bhutan,,11,11.00000,,,,,
MALARIA_EST_CASES,Estimated number of malaria cases,https://www.who.int/data/gho/indicator-metadata-registry/imr-details/2971,PUBLISHED,Published,,2005,2005,,SEAR,South-East Asia,,BTN,2005,2005,Bhutan,,1 825,1825.00000,,,,,
MALARIA_EST_CASES,Estimated number of malaria cases,https://www.who.int/data/gho/indicator-metadata-registry/imr-details/2971,PUBLISHED,Published,,2000,2000,,SEAR,South-East Asia,,BTN,2000,2000,Bhutan,,5 935,5935.00000,,,,,
MALARIA_EST_CASES,Estimated number of malaria cases,https://www.who.int/data/gho/indicator-metadata-registry/imr-details/2971,PUBLISHED,Published,,2021,2021,,SEAR,South-East Asia,,BTN,2021,2021,Bhutan,,9,9.00000,,,,,
MALARIA_EST_CASES,Estimated number of malaria cases,https://www.who.int/data/gho/indicator-metadata-registry/imr-details/2971,PUBLISHED,Published,,2015,2015,,SEAR,South-East Asia,,BTN,2015,2015,Bhutan,,34,34.00000,,,,,
MALARIA_EST_CASES,Estimated number of malaria cases,https://www.who.int/data/gho/indicator-metadata-registry/imr-details/2971,PUBLISHED,Published,,2010,2010,,SEAR,South-East Asia,,BTN,2010,2010,Bhutan,,436,436.00000,,,,,
MALARIA_EST_CASES,Estimated number of malaria cases,https://www.who.int/data/gho/indicator-metadata-registry/imr-details/2971,PUBLISHED,Published,,2008,2008,,SEAR,South-East Asia,,BTN,2008,2008,Bhutan,,329,329.00000,,,,,
MALARIA_EST_CASES,Estimated number of malaria cases,https://www.who.int/data/gho/indicator-metadata-registry/imr-details/2971,PUBLISHED,Published,,2020,2020,,SEAR,South-East Asia,,BTN,2020,2020,Bhutan,,22,22.00000,,,,,
MALARIA_EST_CASES,Estimated number of malaria cases,https://www.who.int/data/gho/indicator-metadata-registry/imr-details/2971,PUBLISHED,Published,,2018,2018,,SEAR,South-East Asia,,BTN,2018,2018,Bhutan,,6,6.00000,,,,,
MALARIA_EST_CASES,Estimated number of malaria cases,https://www.who.int/data/gho/indicator-metadata-registry/imr-details/2971,PUBLISHED,Published,,2004,2004,,SEAR,South-East Asia,,BTN,2004,2004,Bhutan,,2 670,2670.00000,,,,,
MALARIA_EST_CASES,Estimated number of malaria cases,https://www.who.int/data/gho/indicator-metadata-registry/imr-details/2971,PUBLISHED,Published,,2014,2014,,SEAR,South-East Asia,,BTN,2014,2014,Bhutan,,19,19.00000,,,,,
MALARIA_EST_CASES,Estimated number of malaria cases,https://www.who.int/data/gho/indicator-metadata-registry/imr-details/2971,PUBLISHED,Published,,2001,2001,,SEAR,South-East Asia,,BTN,2001,2001,Bhutan,,5 982,5982.00000,,,,,
MALARIA_EST_CASES,Estimated number of malaria cases,https://www.who.int/data/gho/indicator-metadata-registry/imr-details/2971,PUBLISHED,Published,,2016,2016,,SEAR,South-East Asia,,BTN,2016,2016,Bhutan,,15,15.00000,,,,,
MALARIA_EST_CASES,Estimated number of malaria cases,https://www.who.int/data/gho/indicator-metadata-registry/imr-details/2971,PUBLISHED,Published,,2006,2006,,SEAR,South-East Asia,,BTN,2006,2006,Bhutan,,1 868,1868.00000,,,,,
MALARIA_EST_CASES,Estimated number of malaria cases,https://www.who.int/data/gho/indicator-metadata-registry/imr-details/2971,PUBLISHED,Published,,2011,2011,,SEAR,South-East Asia,,BTN,2011,2011,Bhutan,,194,194.00000,,,,,
MALARIA_1STLINE_TREATED,Number of malaria cases treated with any first  line tx courses (including artemisinin-based combination therapies (ACTs)),https://www.who.int/data/gho/indicator-metadata-registry/imr-details/3549,PUBLISHED,Published,,2020,2020,,SEAR,South-East Asia,,BTN,2020,2020,Bhutan,,54,54.00000,,,,,
MALARIA_1STLINE_TREATED,Number of malaria cases treated with any first  line tx courses (including artemisinin-based combination therapies (ACTs)),https://www.who.int/data/gho/indicator-metadata-registry/imr-details/3549,PUBLISHED,Published,,2017,2017,,SEAR,South-East Asia,,BTN,2017,2017,Bhutan,,42,42.00000,,,,,
MALARIA_1STLINE_TREATED,Number of malaria cases treated with any first  line tx courses (including artemisinin-based combination therapies (ACTs)),https://www.who.int/data/gho/indicator-metadata-registry/imr-details/3549,PUBLISHED,Published,,2019,2019,,SEAR,South-East Asia,,BTN,2019,2019,Bhutan,,42,42.00000,,,,,
MALARIA_1STLINE_TREATED,Number of malaria cases treated with any first  line tx courses (including artemisinin-based combination therapies (ACTs)),https://www.who.int/data/gho/indicator-metadata-registry/imr-details/3549,PUBLISHED,Published,,2021,2021,,SEAR,South-East Asia,,BTN,2021,2021,Bhutan,,23,23.00000,,,,,
MALARIA_1STLINE_TREATED,Number of malaria cases treated with any first  line tx courses (including artemisinin-based combination therapies (ACTs)),https://www.who.int/data/gho/indicator-metadata-registry/imr-details/3549,PUBLISHED,Published,,2018,2018,,SEAR,South-East Asia,,BTN,2018,2018,Bhutan,,54,54.00000,,,,,
MALARIA_ACT_TREATED,Number of malaria cases treated with artemisinin-based combination therapies (ACTs),https://www.who.int/data/gho/indicator-metadata-registry/imr-details/3548,PUBLISHED,Published,,2021,2021,,SEAR,South-East Asia,,BTN,2021,2021,Bhutan,,5,5.00000,,,,,
MALARIA_ACT_TREATED,Number of malaria cases treated with artemisinin-based combination therapies (ACTs),https://www.who.int/data/gho/indicator-metadata-registry/imr-details/3548,PUBLISHED,Published,,2019,2019,,SEAR,South-East Asia,,BTN,2019,2019,Bhutan,,11,11.00000,,,,,
MALARIA_ACT_TREATED,Number of malaria cases treated with artemisinin-based combination therapies (ACTs),https://www.who.int/data/gho/indicator-metadata-registry/imr-details/3548,PUBLISHED,Published,,2020,2020,,SEAR,South-East Asia,,BTN,2020,2020,Bhutan,,8,8.00000,,,,,
MALARIA_CONF_CASES,Number of confirmed malaria cases,https://www.who.int/data/gho/indicator-metadata-registry/imr-details/50,PUBLISHED,Published,,2003,2003,,SEAR,South-East Asia,,BTN,2003,2003,Bhutan,,3 806,3806.00000,,,,,
MALARIA_CONF_CASES,Number of confirmed malaria cases,https://www.who.int/data/gho/indicator-metadata-registry/imr-details/50,PUBLISHED,Published,,2013,2013,,SEAR,South-East Asia,,BTN,2013,2013,Bhutan,,45,45.00000,,,,,
MALARIA_CONF_CASES,Number of confirmed malaria cases,https://www.who.int/data/gho/indicator-metadata-registry/imr-details/50,PUBLISHED,Published,,2002,2002,,SEAR,South-East Asia,,BTN,2002,2002,Bhutan,,6 511,6511.00000,,,,,
MALARIA_CONF_CASES,Number of confirmed malaria cases,https://www.who.int/data/gho/indicator-metadata-registry/imr-details/50,PUBLISHED,Published,,2012,2012,,SEAR,South-East Asia,,BTN,2012,2012,Bhutan,,82,82.00000,,,,,
MALARIA_CONF_CASES,Number of confirmed malaria cases,https://www.who.int/data/gho/indicator-metadata-registry/imr-details/50,PUBLISHED,Published,,2020,2020,,SEAR,South-East Asia,,BTN,2020,2020,Bhutan,,54,54.00000,,,,,
MALARIA_CONF_CASES,Number of confirmed malaria cases,https://www.who.int/data/gho/indicator-metadata-registry/imr-details/50,PUBLISHED,Published,,2007,2007,,SEAR,South-East Asia,,BTN,2007,2007,Bhutan,,793,793.00000,,,,,
MALARIA_CONF_CASES,Number of confirmed malaria cases,https://www.who.int/data/gho/indicator-metadata-registry/imr-details/50,PUBLISHED,Published,,2017,2017,,SEAR,South-East Asia,,BTN,2017,2017,Bhutan,,51,51.00000,,,,,
MALARIA_CONF_CASES,Number of confirmed malaria cases,https://www.who.int/data/gho/indicator-metadata-registry/imr-details/50,PUBLISHED,Published,,2009,2009,,SEAR,South-East Asia,,BTN,2009,2009,Bhutan,,1 057,1057.00000,,,,,
MALARIA_CONF_CASES,Number of confirmed malaria cases,https://www.who.int/data/gho/indicator-metadata-registry/imr-details/50,PUBLISHED,Published,,2019,2019,,SEAR,South-East Asia,,BTN,2019,2019,Bhutan,,42,42.00000,,,,,
MALARIA_CONF_CASES,Number of confirmed malaria cases,https://www.who.int/data/gho/indicator-metadata-registry/imr-details/50,PUBLISHED,Published,,2006,2006,,SEAR,South-East Asia,,BTN,2006,2006,Bhutan,,1 868,1868.00000,,,,,
MALARIA_CONF_CASES,Number of confirmed malaria cases,https://www.who.int/data/gho/indicator-metadata-registry/imr-details/50,PUBLISHED,Published,,2016,2016,,SEAR,South-East Asia,,BTN,2016,2016,Bhutan,,74,74.00000,,,,,
MALARIA_CONF_CASES,Number of confirmed malaria cases,https://www.who.int/data/gho/indicator-metadata-registry/imr-details/50,PUBLISHED,Published,,2005,2005,,SEAR,South-East Asia,,BTN,2005,2005,Bhutan,,1 825,1825.00000,,,,,
MALARIA_CONF_CASES,Number of confirmed malaria cases,https://www.who.int/data/gho/indicator-metadata-registry/imr-details/50,PUBLISHED,Published,,2000,2000,,SEAR,South-East Asia,,BTN,2000,2000,Bhutan,,5 935,5935.00000,,,,,
MALARIA_CONF_CASES,Number of confirmed malaria cases,https://www.who.int/data/gho/indicator-metadata-registry/imr-details/50,PUBLISHED,Published,,2015,2015,,SEAR,South-East Asia,,BTN,2015,2015,Bhutan,,104,104.00000,,,,,
MALARIA_CONF_CASES,Number of confirmed malaria cases,https://www.who.int/data/gho/indicator-metadata-registry/imr-details/50,PUBLISHED,Published,,2010,2010,,SEAR,South-East Asia,,BTN,2010,2010,Bhutan,,436,436.00000,,,,,
MALARIA_CONF_CASES,Number of confirmed malaria cases,https://www.who.int/data/gho/indicator-metadata-registry/imr-details/50,PUBLISHED,Published,,2021,2021,,SEAR,South-East Asia,,BTN,2021,2021,Bhutan,,23,23.00000,,,,,
MALARIA_CONF_CASES,Number of confirmed malaria cases,https://www.who.int/data/gho/indicator-metadata-registry/imr-details/50,PUBLISHED,Published,,2004,2004,,SEAR,South-East Asia,,BTN,2004,2004,Bhutan,,2 670,2670.00000,,,,,
MALARIA_CONF_CASES,Number of confirmed malaria cases,https://www.who.int/data/gho/indicator-metadata-registry/imr-details/50,PUBLISHED,Published,,2014,2014,,SEAR,South-East Asia,,BTN,2014,2014,Bhutan,,48,48.00000,,,,,
MALARIA_CONF_CASES,Number of confirmed malaria cases,https://www.who.int/data/gho/indicator-metadata-registry/imr-details/50,PUBLISHED,Published,,2001,2001,,SEAR,South-East Asia,,BTN,2001,2001,Bhutan,,5 982,5982.00000,,,,,
MALARIA_CONF_CASES,Number of confirmed malaria cases,https://www.who.int/data/gho/indicator-metadata-registry/imr-details/50,PUBLISHED,Published,,2011,2011,,SEAR,South-East Asia,,BTN,2011,2011,Bhutan,,194,194.00000,,,,,
MALARIA_CONF_CASES,Number of confirmed malaria cases,https://www.who.int/data/gho/indicator-metadata-registry/imr-details/50,PUBLISHED,Published,,2008,2008,,SEAR,South-East Asia,,BTN,2008,2008,Bhutan,,329,329.00000,,,,,
MALARIA_CONF_CASES,Number of confirmed malaria cases,https://www.who.int/data/gho/indicator-metadata-registry/imr-details/50,PUBLISHED,Published,,2018,2018,,SEAR,South-East Asia,,BTN,2018,2018,Bhutan,,54,54.00000,,,,,
MALARIA_EST_DEATHS,Estimated number of malaria deaths,https://www.who.int/data/gho/indicator-metadata-registry/imr-details/4650,PUBLISHED,Published,,2002,2002,,SEAR,South-East Asia,,BTN,2002,2002,Bhutan,,11,11.00000,,,,,
MALARIA_EST_DEATHS,Estimated number of malaria deaths,https://www.who.int/data/gho/indicator-metadata-registry/imr-details/4650,PUBLISHED,Published,,2012,2012,,SEAR,South-East Asia,,BTN,2012,2012,Bhutan,,1,1.00000,,,,,
MALARIA_EST_DEATHS,Estimated number of malaria deaths,https://www.who.int/data/gho/indicator-metadata-registry/imr-details/4650,PUBLISHED,Published,,2003,2003,,SEAR,South-East Asia,,BTN,2003,2003,Bhutan,,14,14.00000,,,,,
MALARIA_EST_DEATHS,Estimated number of malaria deaths,https://www.who.int/data/gho/indicator-metadata-registry/imr-details/4650,PUBLISHED,Published,,2013,2013,,SEAR,South-East Asia,,BTN,2013,2013,Bhutan,,0,0.00000,,,,,
MALARIA_EST_DEATHS,Estimated number of malaria deaths,https://www.who.int/data/gho/indicator-metadata-registry/imr-details/4650,PUBLISHED,Published,,2015,2015,,SEAR,South-East Asia,,BTN,2015,2015,Bhutan,,0,0.00000,,,,,
MALARIA_EST_DEATHS,Estimated number of malaria deaths,https://www.who.int/data/gho/indicator-metadata-registry/imr-details/4650,PUBLISHED,Published,,2005,2005,,SEAR,South-East Asia,,BTN,2005,2005,Bhutan,,5,5.00000,,,,,
MALARIA_EST_DEATHS,Estimated number of malaria deaths,https://www.who.int/data/gho/indicator-metadata-registry/imr-details/4650,PUBLISHED,Published,,2020,2020,,SEAR,South-East Asia,,BTN,2020,2020,Bhutan,,0,0.00000,,,,,
MALARIA_EST_DEATHS,Estimated number of malaria deaths,https://www.who.int/data/gho/indicator-metadata-registry/imr-details/4650,PUBLISHED,Published,,2017,2017,,SEAR,South-East Asia,,BTN,2017,2017,Bhutan,,0,0.00000,,,,,
MALARIA_EST_DEATHS,Estimated number of malaria deaths,https://www.who.int/data/gho/indicator-metadata-registry/imr-details/4650,PUBLISHED,Published,,2007,2007,,SEAR,South-East Asia,,BTN,2007,2007,Bhutan,,2,2.00000,,,,,
MALARIA_EST_DEATHS,Estimated number of malaria deaths,https://www.who.int/data/gho/indicator-metadata-registry/imr-details/4650,PUBLISHED,Published,,2019,2019,,SEAR,South-East Asia,,BTN,2019,2019,Bhutan,,0,0.00000,,,,,
MALARIA_EST_DEATHS,Estimated number of malaria deaths,https://www.who.int/data/gho/indicator-metadata-registry/imr-details/4650,PUBLISHED,Published,,2010,2010,,SEAR,South-East Asia,,BTN,2010,2010,Bhutan,,2,2.00000,,,,,
MALARIA_EST_DEATHS,Estimated number of malaria deaths,https://www.who.int/data/gho/indicator-metadata-registry/imr-details/4650,PUBLISHED,Published,,2018,2018,,SEAR,South-East Asia,,BTN,2018,2018,Bhutan,,0,0.00000,,,,,
MALARIA_EST_DEATHS,Estimated number of malaria deaths,https://www.who.int/data/gho/indicator-metadata-registry/imr-details/4650,PUBLISHED,Published,,2000,2000,,SEAR,South-East Asia,,BTN,2000,2000,Bhutan,,15,15.00000,,,,,
MALARIA_EST_DEATHS,Estimated number of malaria deaths,https://www.who.int/data/gho/indicator-metadata-registry/imr-details/4650,PUBLISHED,Published,,2009,2009,,SEAR,South-East Asia,,BTN,2009,2009,Bhutan,,4,4.00000,,,,,
MALARIA_EST_DEATHS,Estimated number of malaria deaths,https://www.who.int/data/gho/indicator-metadata-registry/imr-details/4650,PUBLISHED,Published,,2016,2016,,SEAR,South-East Asia,,BTN,2016,2016,Bhutan,,0,0.00000,,,,,
MALARIA_EST_DEATHS,Estimated number of malaria deaths,https://www.who.int/data/gho/indicator-metadata-registry/imr-details/4650,PUBLISHED,Published,,2006,2006,,SEAR,South-East Asia,,BTN,2006,2006,Bhutan,,7,7.00000,,,,,
MALARIA_EST_DEATHS,Estimated number of malaria deaths,https://www.who.int/data/gho/indicator-metadata-registry/imr-details/4650,PUBLISHED,Published,,2008,2008,,SEAR,South-East Asia,,BTN,2008,2008,Bhutan,,2,2.00000,,,,,
MALARIA_EST_DEATHS,Estimated number of malaria deaths,https://www.who.int/data/gho/indicator-metadata-registry/imr-details/4650,PUBLISHED,Published,,2021,2021,,SEAR,South-East Asia,,BTN,2021,2021,Bhutan,,0,0.00000,,,,,
MALARIA_EST_DEATHS,Estimated number of malaria deaths,https://www.who.int/data/gho/indicator-metadata-registry/imr-details/4650,PUBLISHED,Published,,2001,2001,,SEAR,South-East Asia,,BTN,2001,2001,Bhutan,,14,14.00000,,,,,
MALARIA_EST_DEATHS,Estimated number of malaria deaths,https://www.who.int/data/gho/indicator-metadata-registry/imr-details/4650,PUBLISHED,Published,,2004,2004,,SEAR,South-East Asia,,BTN,2004,2004,Bhutan,,7,7.00000,,,,,
MALARIA_EST_DEATHS,Estimated number of malaria deaths,https://www.who.int/data/gho/indicator-metadata-registry/imr-details/4650,PUBLISHED,Published,,2014,2014,,SEAR,South-East Asia,,BTN,2014,2014,Bhutan,,0,0.00000,,,,,
MALARIA_EST_DEATHS,Estimated number of malaria deaths,https://www.who.int/data/gho/indicator-metadata-registry/imr-details/4650,PUBLISHED,Published,,2011,2011,,SEAR,South-East Asia,,BTN,2011,2011,Bhutan,,1,1.00000,,,,,
MALARIA_EST_INCIDENCE,Estimated malaria incidence (per 1000 population at risk),https://www.who.int/data/gho/indicator-metadata-registry/imr-details/4670,PUBLISHED,Published,,2014,2014,,SEAR,South-East Asia,,BTN,2014,2014,Bhutan,,0.03 [0.03-0.03],0.03487,0.03487,0.03487,,,
MALARIA_EST_INCIDENCE,Estimated malaria incidence (per 1000 population at risk),https://www.who.int/data/gho/indicator-metadata-registry/imr-details/4670,PUBLISHED,Published,,2013,2013,,SEAR,South-East Asia,,BTN,2013,2013,Bhutan,,0.03 [0.03-0.03],0.02781,0.02781,0.02781,,,
MALARIA_EST_INCIDENCE,Estimated malaria incidence (per 1000 population at risk),https://www.who.int/data/gho/indicator-metadata-registry/imr-details/4670,PUBLISHED,Published,,2015,2015,,SEAR,South-East Asia,,BTN,2015,2015,Bhutan,,0.06 [0.06-0.06],0.06182,0.06182,0.06182,,,
MALARIA_EST_INCIDENCE,Estimated malaria incidence (per 1000 population at risk),https://www.who.int/data/gho/indicator-metadata-registry/imr-details/4670,PUBLISHED,Published,,2016,2016,,SEAR,South-East Asia,,BTN,2016,2016,Bhutan,,0.03 [0.03-0.03],0.02704,0.02704,0.02704,,,
MALARIA_EST_INCIDENCE,Estimated malaria incidence (per 1000 population at risk),https://www.who.int/data/gho/indicator-metadata-registry/imr-details/4670,PUBLISHED,Published,,2012,2012,,SEAR,South-East Asia,,BTN,2012,2012,Bhutan,,0.15 [0.15-0.15],0.15366,0.15366,0.15366,,,
MALARIA_EST_INCIDENCE,Estimated malaria incidence (per 1000 population at risk),https://www.who.int/data/gho/indicator-metadata-registry/imr-details/4670,PUBLISHED,Published,,2009,2009,,SEAR,South-East Asia,,BTN,2009,2009,Bhutan,,2.05 [2.05-2.05],2.04733,2.04733,2.04733,,,
MALARIA_EST_INCIDENCE,Estimated malaria incidence (per 1000 population at risk),https://www.who.int/data/gho/indicator-metadata-registry/imr-details/4670,PUBLISHED,Published,,2011,2011,,SEAR,South-East Asia,,BTN,2011,2011,Bhutan,,0.37 [0.37-0.37],0.36752,0.36752,0.36752,,,
MALARIA_EST_INCIDENCE,Estimated malaria incidence (per 1000 population at risk),https://www.who.int/data/gho/indicator-metadata-registry/imr-details/4670,PUBLISHED,Published,,2010,2010,,SEAR,South-East Asia,,BTN,2010,2010,Bhutan,,0.84 [0.84-0.84],0.83512,0.83512,0.83512,,,
MALARIA_EST_INCIDENCE,Estimated malaria incidence (per 1000 population at risk),https://www.who.int/data/gho/indicator-metadata-registry/imr-details/4670,PUBLISHED,Published,,2000,2000,,SEAR,South-East Asia,,BTN,2000,2000,Bhutan,,13.66 [13.66-13.66],13.65834,13.65834,13.65834,,,
MALARIA_EST_INCIDENCE,Estimated malaria incidence (per 1000 population at risk),https://www.who.int/data/gho/indicator-metadata-registry/imr-details/4670,PUBLISHED,Published,,2007,2007,,SEAR,South-East Asia,,BTN,2007,2007,Bhutan,,1.57 [1.57-1.57],1.57218,1.57218,1.57218,,,
MALARIA_EST_INCIDENCE,Estimated malaria incidence (per 1000 population at risk),https://www.who.int/data/gho/indicator-metadata-registry/imr-details/4670,PUBLISHED,Published,,2003,2003,,SEAR,South-East Asia,,BTN,2003,2003,Bhutan,,8.10 [8.10-8.10],8.10437,8.10437,8.10437,,,
MALARIA_EST_INCIDENCE,Estimated malaria incidence (per 1000 population at risk),https://www.who.int/data/gho/indicator-metadata-registry/imr-details/4670,PUBLISHED,Published,,2008,2008,,SEAR,South-East Asia,,BTN,2008,2008,Bhutan,,0.64 [0.64-0.64],0.64459,0.64459,0.64459,,,
MALARIA_EST_INCIDENCE,Estimated malaria incidence (per 1000 population at risk),https://www.who.int/data/gho/indicator-metadata-registry/imr-details/4670,PUBLISHED,Published,,2006,2006,,SEAR,South-East Asia,,BTN,2006,2006,Bhutan,,3.75 [3.75-3.75],3.74941,3.74941,3.74941,,,
MALARIA_EST_INCIDENCE,Estimated malaria incidence (per 1000 population at risk),https://www.who.int/data/gho/indicator-metadata-registry/imr-details/4670,PUBLISHED,Published,,2005,2005,,SEAR,South-East Asia,,BTN,2005,2005,Bhutan,,3.72 [3.72-3.72],3.71797,3.71797,3.71797,,,
MALARIA_EST_INCIDENCE,Estimated malaria incidence (per 1000 population at risk),https://www.who.int/data/gho/indicator-metadata-registry/imr-details/4670,PUBLISHED,Published,,2004,2004,,SEAR,South-East Asia,,BTN,2004,2004,Bhutan,,5.55 [5.55-5.55],5.55102,5.55102,5.55102,,,
MALARIA_EST_INCIDENCE,Estimated malaria incidence (per 1000 population at risk),https://www.who.int/data/gho/indicator-metadata-registry/imr-details/4670,PUBLISHED,Published,,2001,2001,,SEAR,South-East Asia,,BTN,2001,2001,Bhutan,,13.40 [13.40-13.40],13.40075,13.40075,13.40075,,,
MALARIA_EST_INCIDENCE,Estimated malaria incidence (per 1000 population at risk),https://www.who.int/data/gho/indicator-metadata-registry/imr-details/4670,PUBLISHED,Published,,2002,2002,,SEAR,South-East Asia,,BTN,2002,2002,Bhutan,,14.21 [14.21-14.21],14.21321,14.21321,14.21321,,,
MALARIA_EST_INCIDENCE,Estimated malaria incidence (per 1000 population at risk),https://www.who.int/data/gho/indicator-metadata-registry/imr-details/4670,PUBLISHED,Published,,2017,2017,,SEAR,South-East Asia,,BTN,2017,2017,Bhutan,,0.02 [0.02-0.02],0.01966,0.01966,0.01966,,,
MALARIA_EST_INCIDENCE,Estimated malaria incidence (per 1000 population at risk),https://www.who.int/data/gho/indicator-metadata-registry/imr-details/4670,PUBLISHED,Published,,2018,2018,,SEAR,South-East Asia,,BTN,2018,2018,Bhutan,,0.01 [0.01-0.01],0.01064,0.01064,0.01064,,,
MALARIA_EST_INCIDENCE,Estimated malaria incidence (per 1000 population at risk),https://www.who.int/data/gho/indicator-metadata-registry/imr-details/4670,PUBLISHED,Published,,2019,2019,,SEAR,South-East Asia,,BTN,2019,2019,Bhutan,,0 [0-0],0.00352,0.00352,0.00352,,,
MALARIA_EST_INCIDENCE,Estimated malaria incidence (per 1000 population at risk),https://www.who.int/data/gho/indicator-metadata-registry/imr-details/4670,PUBLISHED,Published,,2020,2020,,SEAR,South-East Asia,,BTN,2020,2020,Bhutan,,0.04 [0.04-0.04],0.03848,0.03848,0.03848,,,
MALARIA_EST_INCIDENCE,Estimated malaria incidence (per 1000 population at risk),https://www.who.int/data/gho/indicator-metadata-registry/imr-details/4670,PUBLISHED,Published,,2021,2021,,SEAR,South-East Asia,,BTN,2021,2021,Bhutan,,0.02 [0.02-0.02],0.01564,0.01564,0.01564,,,
MALARIA_EST_MORTALITY,Estimated malaria mortality rate (per 100 000 population),https://www.who.int/data/gho/indicator-metadata-registry/imr-details/16,PUBLISHED,Published,,2014,2014,,SEAR,South-East Asia,,BTN,2014,2014,Bhutan,,0 [0-0],0.00000,0.00000,0.00000,,,
MALARIA_EST_MORTALITY,Estimated malaria mortality rate (per 100 000 population),https://www.who.int/data/gho/indicator-metadata-registry/imr-details/16,PUBLISHED,Published,,2013,2013,,SEAR,South-East Asia,,BTN,2013,2013,Bhutan,,0 [0-0],0.00000,0.00000,0.00000,,,
MALARIA_EST_MORTALITY,Estimated malaria mortality rate (per 100 000 population),https://www.who.int/data/gho/indicator-metadata-registry/imr-details/16,PUBLISHED,Published,,2015,2015,,SEAR,South-East Asia,,BTN,2015,2015,Bhutan,,0 [0-0],0.00000,0.00000,0.00000,,,
MALARIA_EST_MORTALITY,Estimated malaria mortality rate (per 100 000 population),https://www.who.int/data/gho/indicator-metadata-registry/imr-details/16,PUBLISHED,Published,,2016,2016,,SEAR,South-East Asia,,BTN,2016,2016,Bhutan,,0 [0-0],0.00000,0.00000,0.00000,,,
MALARIA_EST_MORTALITY,Estimated malaria mortality rate (per 100 000 population),https://www.who.int/data/gho/indicator-metadata-registry/imr-details/16,PUBLISHED,Published,,2012,2012,,SEAR,South-East Asia,,BTN,2012,2012,Bhutan,,0.19 [0.19-1.87],0.18739,0.18739,1.87390,,,
MALARIA_EST_MORTALITY,Estimated malaria mortality rate (per 100 000 population),https://www.who.int/data/gho/indicator-metadata-registry/imr-details/16,PUBLISHED,Published,,2009,2009,,SEAR,South-East Asia,,BTN,2009,2009,Bhutan,,0.77 [0.77-7.75],0.77477,0.77477,7.74772,,,
MALARIA_EST_MORTALITY,Estimated malaria mortality rate (per 100 000 population),https://www.who.int/data/gho/indicator-metadata-registry/imr-details/16,PUBLISHED,Published,,2011,2011,,SEAR,South-East Asia,,BTN,2011,2011,Bhutan,,0.19 [0.19-1.89],0.18944,0.18944,1.89443,,,
MALARIA_EST_MORTALITY,Estimated malaria mortality rate (per 100 000 population),https://www.who.int/data/gho/indicator-metadata-registry/imr-details/16,PUBLISHED,Published,,2010,2010,,SEAR,South-East Asia,,BTN,2010,2010,Bhutan,,0.38 [0.38-3.83],0.38308,0.38308,3.83082,,,
MALARIA_EST_MORTALITY,Estimated malaria mortality rate (per 100 000 population),https://www.who.int/data/gho/indicator-metadata-registry/imr-details/16,PUBLISHED,Published,,2000,2000,,SEAR,South-East Asia,,BTN,2000,2000,Bhutan,,3.45 [3.45-34.52],3.45198,3.45198,34.51982,,,
MALARIA_EST_MORTALITY,Estimated malaria mortality rate (per 100 000 population),https://www.who.int/data/gho/indicator-metadata-registry/imr-details/16,PUBLISHED,Published,,2007,2007,,SEAR,South-East Asia,,BTN,2007,2007,Bhutan,,0.40 [0.40-3.97],0.39652,0.39652,3.96515,,,
MALARIA_EST_MORTALITY,Estimated malaria mortality rate (per 100 000 population),https://www.who.int/data/gho/indicator-metadata-registry/imr-details/16,PUBLISHED,Published,,2003,2003,,SEAR,South-East Asia,,BTN,2003,2003,Bhutan,,2.98 [2.98-29.81],2.98111,2.98111,29.81115,,,
MALARIA_EST_MORTALITY,Estimated malaria mortality rate (per 100 000 population),https://www.who.int/data/gho/indicator-metadata-registry/imr-details/16,PUBLISHED,Published,,2008,2008,,SEAR,South-East Asia,,BTN,2008,2008,Bhutan,,0.39 [0.39-3.92],0.39185,0.39185,3.91846,,,
MALARIA_EST_MORTALITY,Estimated malaria mortality rate (per 100 000 population),https://www.who.int/data/gho/indicator-metadata-registry/imr-details/16,PUBLISHED,Published,,2006,2006,,SEAR,South-East Asia,,BTN,2006,2006,Bhutan,,1.41 [1.41-14.05],1.40502,1.40502,14.05024,,,
MALARIA_EST_MORTALITY,Estimated malaria mortality rate (per 100 000 population),https://www.who.int/data/gho/indicator-metadata-registry/imr-details/16,PUBLISHED,Published,,2005,2005,,SEAR,South-East Asia,,BTN,2005,2005,Bhutan,,1.02 [1.02-10.19],1.01862,1.01862,10.18622,,,
MALARIA_EST_MORTALITY,Estimated malaria mortality rate (per 100 000 population),https://www.who.int/data/gho/indicator-metadata-registry/imr-details/16,PUBLISHED,Published,,2004,2004,,SEAR,South-East Asia,,BTN,2004,2004,Bhutan,,1.46 [1.46-14.55],1.45532,1.45532,14.55323,,,
MALARIA_EST_MORTALITY,Estimated malaria mortality rate (per 100 000 population),https://www.who.int/data/gho/indicator-metadata-registry/imr-details/16,PUBLISHED,Published,,2001,2001,,SEAR,South-East Asia,,BTN,2001,2001,Bhutan,,3.14 [3.14-31.36],3.13625,3.13625,31.36250,,,
MALARIA_EST_MORTALITY,Estimated malaria mortality rate (per 100 000 population),https://www.who.int/data/gho/indicator-metadata-registry/imr-details/16,PUBLISHED,Published,,2002,2002,,SEAR,South-East Asia,,BTN,2002,2002,Bhutan,,2.40 [2.40-24.01],2.40125,2.40125,24.01249,,,
MALARIA_EST_MORTALITY,Estimated malaria mortality rate (per 100 000 population),https://www.who.int/data/gho/indicator-metadata-registry/imr-details/16,PUBLISHED,Published,,2017,2017,,SEAR,South-East Asia,,BTN,2017,2017,Bhutan,,0 [0-0],0.00000,0.00000,0.00000,,,
MALARIA_EST_MORTALITY,Estimated malaria mortality rate (per 100 000 population),https://www.who.int/data/gho/indicator-metadata-registry/imr-details/16,PUBLISHED,Published,,2018,2018,,SEAR,South-East Asia,,BTN,2018,2018,Bhutan,,0 [0-0],0.00000,0.00000,0.00000,,,
MALARIA_EST_MORTALITY,Estimated malaria mortality rate (per 100 000 population),https://www.who.int/data/gho/indicator-metadata-registry/imr-details/16,PUBLISHED,Published,,2019,2019,,SEAR,South-East Asia,,BTN,2019,2019,Bhutan,,0 [0-0],0.00000,0.00000,0.00000,,,
MALARIA_EST_MORTALITY,Estimated malaria mortality rate (per 100 000 population),https://www.who.int/data/gho/indicator-metadata-registry/imr-details/16,PUBLISHED,Published,,2020,2020,,SEAR,South-East Asia,,BTN,2020,2020,Bhutan,,0 [0-0],0.00000,0.00000,0.00000,,,
MALARIA_EST_MORTALITY,Estimated malaria mortality rate (per 100 000 population),https://www.who.int/data/gho/indicator-metadata-registry/imr-details/16,PUBLISHED,Published,,2021,2021,,SEAR,South-East Asia,,BTN,2021,2021,Bhutan,,0 [0-0],0.00000,0.00000,0.00000,,,
MALARIA_INDIG,Number of indigenous malaria cases,https://www.who.int/data/gho/indicator-metadata-registry/imr-details/4640,PUBLISHED,Published,,2019,2019,,SEAR,South-East Asia,,BTN,2019,2019,Bhutan,,2,2.00000,,,,,
MALARIA_INDIG,Number of indigenous malaria cases,https://www.who.int/data/gho/indicator-metadata-registry/imr-details/4640,PUBLISHED,Published,,2016,2016,,SEAR,South-East Asia,,BTN,2016,2016,Bhutan,,15,15.00000,,,,,
MALARIA_INDIG,Number of indigenous malaria cases,https://www.who.int/data/gho/indicator-metadata-registry/imr-details/4640,PUBLISHED,Published,,2010,2010,,SEAR,South-East Asia,,BTN,2010,2010,Bhutan,,436,436.00000,,,,,
MALARIA_INDIG,Number of indigenous malaria cases,https://www.who.int/data/gho/indicator-metadata-registry/imr-details/4640,PUBLISHED,Published,,2015,2015,,SEAR,South-East Asia,,BTN,2015,2015,Bhutan,,34,34.00000,,,,,
MALARIA_INDIG,Number of indigenous malaria cases,https://www.who.int/data/gho/indicator-metadata-registry/imr-details/4640,PUBLISHED,Published,,2021,2021,,SEAR,South-East Asia,,BTN,2021,2021,Bhutan,,9,9.00000,,,,,
MALARIA_INDIG,Number of indigenous malaria cases,https://www.who.int/data/gho/indicator-metadata-registry/imr-details/4640,PUBLISHED,Published,,2011,2011,,SEAR,South-East Asia,,BTN,2011,2011,Bhutan,,194,194.00000,,,,,
MALARIA_INDIG,Number of indigenous malaria cases,https://www.who.int/data/gho/indicator-metadata-registry/imr-details/4640,PUBLISHED,Published,,2018,2018,,SEAR,South-East Asia,,BTN,2018,2018,Bhutan,,6,6.00000,,,,,
MALARIA_INDIG,Number of indigenous malaria cases,https://www.who.int/data/gho/indicator-metadata-registry/imr-details/4640,PUBLISHED,Published,,2014,2014,,SEAR,South-East Asia,,BTN,2014,2014,Bhutan,,19,19.00000,,,,,
MALARIA_INDIG,Number of indigenous malaria cases,https://www.who.int/data/gho/indicator-metadata-registry/imr-details/4640,PUBLISHED,Published,,2013,2013,,SEAR,South-East Asia,,BTN,2013,2013,Bhutan,,15,15.00000,,,,,
MALARIA_INDIG,Number of indigenous malaria cases,https://www.who.int/data/gho/indicator-metadata-registry/imr-details/4640,PUBLISHED,Published,,2017,2017,,SEAR,South-East Asia,,BTN,2017,2017,Bhutan,,11,11.00000,,,,,
MALARIA_INDIG,Number of indigenous malaria cases,https://www.who.int/data/gho/indicator-metadata-registry/imr-details/4640,PUBLISHED,Published,,2012,2012,,SEAR,South-East Asia,,BTN,2012,2012,Bhutan,,82,82.00000,,,,,
MALARIA_INDIG,Number of indigenous malaria cases,https://www.who.int/data/gho/indicator-metadata-registry/imr-details/4640,PUBLISHED,Published,,2020,2020,,SEAR,South-East Asia,,BTN,2020,2020,Bhutan,,22,22.00000,,,,,
MALARIA_INDIG_STATUS,Status of indigenous malaria cases,https://www.who.int/data/gho/indicator-metadata-registry/imr-details/4640,PUBLISHED,Published,,2021,2021,,SEAR,South-East Asia,,BTN,2021,2021,Bhutan,,One or more indigenous cases in 2021,,,,,,
MALARIA_MICR_TEST,Number of malaria suspects examined by microscopy,https://www.who.int/data/gho/indicator-metadata-registry/imr-details/4634,PUBLISHED,Published,,2009,2009,,SEAR,South-East Asia,,BTN,2009,2009,Bhutan,,62 341,62341.00000,,,,,
MALARIA_MICR_TEST,Number of malaria suspects examined by microscopy,https://www.who.int/data/gho/indicator-metadata-registry/imr-details/4634,PUBLISHED,Published,,2019,2019,,SEAR,South-East Asia,,BTN,2019,2019,Bhutan,,18 973,18973.00000,,,,,
MALARIA_MICR_TEST,Number of malaria suspects examined by microscopy,https://www.who.int/data/gho/indicator-metadata-registry/imr-details/4634,PUBLISHED,Published,,2016,2016,,SEAR,South-East Asia,,BTN,2016,2016,Bhutan,,23 442,23442.00000,,,,,
MALARIA_MICR_TEST,Number of malaria suspects examined by microscopy,https://www.who.int/data/gho/indicator-metadata-registry/imr-details/4634,PUBLISHED,Published,,2006,2006,,SEAR,South-East Asia,,BTN,2006,2006,Bhutan,,66 079,66079.00000,,,,,
MALARIA_MICR_TEST,Number of malaria suspects examined by microscopy,https://www.who.int/data/gho/indicator-metadata-registry/imr-details/4634,PUBLISHED,Published,,2000,2000,,SEAR,South-East Asia,,BTN,2000,2000,Bhutan,,76 445,76445.00000,,,,,
MALARIA_MICR_TEST,Number of malaria suspects examined by microscopy,https://www.who.int/data/gho/indicator-metadata-registry/imr-details/4634,PUBLISHED,Published,,2005,2005,,SEAR,South-East Asia,,BTN,2005,2005,Bhutan,,60 152,60152.00000,,,,,
MALARIA_MICR_TEST,Number of malaria suspects examined by microscopy,https://www.who.int/data/gho/indicator-metadata-registry/imr-details/4634,PUBLISHED,Published,,2021,2021,,SEAR,South-East Asia,,BTN,2021,2021,Bhutan,,8 742,8742.00000,,,,,
MALARIA_MICR_TEST,Number of malaria suspects examined by microscopy,https://www.who.int/data/gho/indicator-metadata-registry/imr-details/4634,PUBLISHED,Published,,2010,2010,,SEAR,South-East Asia,,BTN,2010,2010,Bhutan,,54 709,54709.00000,,,,,
MALARIA_MICR_TEST,Number of malaria suspects examined by microscopy,https://www.who.int/data/gho/indicator-metadata-registry/imr-details/4634,PUBLISHED,Published,,2015,2015,,SEAR,South-East Asia,,BTN,2015,2015,Bhutan,,26 149,26149.00000,,,,,
MALARIA_MICR_TEST,Number of malaria suspects examined by microscopy,https://www.who.int/data/gho/indicator-metadata-registry/imr-details/4634,PUBLISHED,Published,,2001,2001,,SEAR,South-East Asia,,BTN,2001,2001,Bhutan,,65 974,65974.00000,,,,,
MALARIA_MICR_TEST,Number of malaria suspects examined by microscopy,https://www.who.int/data/gho/indicator-metadata-registry/imr-details/4634,PUBLISHED,Published,,2008,2008,,SEAR,South-East Asia,,BTN,2008,2008,Bhutan,,47 268,47268.00000,,,,,
MALARIA_MICR_TEST,Number of malaria suspects examined by microscopy,https://www.who.int/data/gho/indicator-metadata-registry/imr-details/4634,PUBLISHED,Published,,2011,2011,,SEAR,South-East Asia,,BTN,2011,2011,Bhutan,,44 481,44481.00000,,,,,
MALARIA_MICR_TEST,Number of malaria suspects examined by microscopy,https://www.who.int/data/gho/indicator-metadata-registry/imr-details/4634,PUBLISHED,Published,,2018,2018,,SEAR,South-East Asia,,BTN,2018,2018,Bhutan,,19 778,19778.00000,,,,,
MALARIA_MICR_TEST,Number of malaria suspects examined by microscopy,https://www.who.int/data/gho/indicator-metadata-registry/imr-details/4634,PUBLISHED,Published,,2014,2014,,SEAR,South-East Asia,,BTN,2014,2014,Bhutan,,33 586,33586.00000,,,,,
MALARIA_MICR_TEST,Number of malaria suspects examined by microscopy,https://www.who.int/data/gho/indicator-metadata-registry/imr-details/4634,PUBLISHED,Published,,2004,2004,,SEAR,South-East Asia,,BTN,2004,2004,Bhutan,,54 892,54892.00000,,,,,
MALARIA_MICR_TEST,Number of malaria suspects examined by microscopy,https://www.who.int/data/gho/indicator-metadata-registry/imr-details/4634,PUBLISHED,Published,,2003,2003,,SEAR,South-East Asia,,BTN,2003,2003,Bhutan,,61 246,61246.00000,,,,,
MALARIA_MICR_TEST,Number of malaria suspects examined by microscopy,https://www.who.int/data/gho/indicator-metadata-registry/imr-details/4634,PUBLISHED,Published,,2013,2013,,SEAR,South-East Asia,,BTN,2013,2013,Bhutan,,31 632,31632.00000,,,,,
MALARIA_MICR_TEST,Number of malaria suspects examined by microscopy,https://www.who.int/data/gho/indicator-metadata-registry/imr-details/4634,PUBLISHED,Published,,2007,2007,,SEAR,South-East Asia,,BTN,2007,2007,Bhutan,,51 446,51446.00000,,,,,
MALARIA_MICR_TEST,Number of malaria suspects examined by microscopy,https://www.who.int/data/gho/indicator-metadata-registry/imr-details/4634,PUBLISHED,Published,,2017,2017,,SEAR,South-East Asia,,BTN,2017,2017,Bhutan,,22 885,22885.00000,,,,,
MALARIA_MICR_TEST,Number of malaria suspects examined by microscopy,https://www.who.int/data/gho/indicator-metadata-registry/imr-details/4634,PUBLISHED,Published,,2002,2002,,SEAR,South-East Asia,,BTN,2002,2002,Bhutan,,74 696,74696.00000,,,,,
MALARIA_MICR_TEST,Number of malaria suspects examined by microscopy,https://www.who.int/data/gho/indicator-metadata-registry/imr-details/4634,PUBLISHED,Published,,2012,2012,,SEAR,South-East Asia,,BTN,2012,2012,Bhutan,,42 512,42512.00000,,,,,
MALARIA_MICR_TEST,Number of malaria suspects examined by microscopy,https://www.who.int/data/gho/indicator-metadata-registry/imr-details/4634,PUBLISHED,Published,,2020,2020,,SEAR,South-East Asia,,BTN,2020,2020,Bhutan,,6 246,6246.00000,,,,,
MALARIA_PF_INDIG,Number of indigenous P. falciparum malaria cases,https://www.who.int/data/gho/indicator-metadata-registry/imr-details/4635,PUBLISHED,Published,,2020,2020,,SEAR,South-East Asia,,BTN,2020,2020,Bhutan,,0,0.00000,,,,,
MALARIA_PF_INDIG,Number of indigenous P. falciparum malaria cases,https://www.who.int/data/gho/indicator-metadata-registry/imr-details/4635,PUBLISHED,Published,,2012,2012,,SEAR,South-East Asia,,BTN,2012,2012,Bhutan,,33,33.00000,,,,,
MALARIA_PF_INDIG,Number of indigenous P. falciparum malaria cases,https://www.who.int/data/gho/indicator-metadata-registry/imr-details/4635,PUBLISHED,Published,,2017,2017,,SEAR,South-East Asia,,BTN,2017,2017,Bhutan,,0,0.00000,,,,,
MALARIA_PF_INDIG,Number of indigenous P. falciparum malaria cases,https://www.who.int/data/gho/indicator-metadata-registry/imr-details/4635,PUBLISHED,Published,,2013,2013,,SEAR,South-East Asia,,BTN,2013,2013,Bhutan,,6,6.00000,,,,,
MALARIA_PF_INDIG,Number of indigenous P. falciparum malaria cases,https://www.who.int/data/gho/indicator-metadata-registry/imr-details/4635,PUBLISHED,Published,,2014,2014,,SEAR,South-East Asia,,BTN,2014,2014,Bhutan,,11,11.00000,,,,,
MALARIA_PF_INDIG,Number of indigenous P. falciparum malaria cases,https://www.who.int/data/gho/indicator-metadata-registry/imr-details/4635,PUBLISHED,Published,,2018,2018,,SEAR,South-East Asia,,BTN,2018,2018,Bhutan,,1,1.00000,,,,,
MALARIA_PF_INDIG,Number of indigenous P. falciparum malaria cases,https://www.who.int/data/gho/indicator-metadata-registry/imr-details/4635,PUBLISHED,Published,,2011,2011,,SEAR,South-East Asia,,BTN,2011,2011,Bhutan,,87,87.00000,,,,,
MALARIA_PF_INDIG,Number of indigenous P. falciparum malaria cases,https://www.who.int/data/gho/indicator-metadata-registry/imr-details/4635,PUBLISHED,Published,,2015,2015,,SEAR,South-East Asia,,BTN,2015,2015,Bhutan,,13,13.00000,,,,,
MALARIA_PF_INDIG,Number of indigenous P. falciparum malaria cases,https://www.who.int/data/gho/indicator-metadata-registry/imr-details/4635,PUBLISHED,Published,,2010,2010,,SEAR,South-East Asia,,BTN,2010,2010,Bhutan,,140,140.00000,,,,,
MALARIA_PF_INDIG,Number of indigenous P. falciparum malaria cases,https://www.who.int/data/gho/indicator-metadata-registry/imr-details/4635,PUBLISHED,Published,,2021,2021,,SEAR,South-East Asia,,BTN,2021,2021,Bhutan,,1,1.00000,,,,,
MALARIA_PF_INDIG,Number of indigenous P. falciparum malaria cases,https://www.who.int/data/gho/indicator-metadata-registry/imr-details/4635,PUBLISHED,Published,,2016,2016,,SEAR,South-East Asia,,BTN,2016,2016,Bhutan,,1,1.00000,,,,,
MALARIA_PF_INDIG,Number of indigenous P. falciparum malaria cases,https://www.who.int/data/gho/indicator-metadata-registry/imr-details/4635,PUBLISHED,Published,,2019,2019,,SEAR,South-East Asia,,BTN,2019,2019,Bhutan,,0,0.00000,,,,,
MALARIA_PRES_CASES,Number of presumed malaria cases,https://www.who.int/data/gho/indicator-metadata-registry/imr-details/2239,PUBLISHED,Published,,2009,2009,,SEAR,South-East Asia,,BTN,2009,2009,Bhutan,,449,449.00000,,,,,
MALARIA_PRES_CASES,Number of presumed malaria cases,https://www.who.int/data/gho/indicator-metadata-registry/imr-details/2239,PUBLISHED,Published,,2016,2016,,SEAR,South-East Asia,,BTN,2016,2016,Bhutan,,0,0.00000,,,,,
MALARIA_PRES_CASES,Number of presumed malaria cases,https://www.who.int/data/gho/indicator-metadata-registry/imr-details/2239,PUBLISHED,Published,,2006,2006,,SEAR,South-East Asia,,BTN,2006,2006,Bhutan,,0,0.00000,,,,,
MALARIA_PRES_CASES,Number of presumed malaria cases,https://www.who.int/data/gho/indicator-metadata-registry/imr-details/2239,PUBLISHED,Published,,2005,2005,,SEAR,South-East Asia,,BTN,2005,2005,Bhutan,,0,0.00000,,,,,
MALARIA_PRES_CASES,Number of presumed malaria cases,https://www.who.int/data/gho/indicator-metadata-registry/imr-details/2239,PUBLISHED,Published,,2015,2015,,SEAR,South-East Asia,,BTN,2015,2015,Bhutan,,0,0.00000,,,,,
MALARIA_PRES_CASES,Number of presumed malaria cases,https://www.who.int/data/gho/indicator-metadata-registry/imr-details/2239,PUBLISHED,Published,,2000,2000,,SEAR,South-East Asia,,BTN,2000,2000,Bhutan,,0,0.00000,,,,,
MALARIA_PRES_CASES,Number of presumed malaria cases,https://www.who.int/data/gho/indicator-metadata-registry/imr-details/2239,PUBLISHED,Published,,2021,2021,,SEAR,South-East Asia,,BTN,2021,2021,Bhutan,,0,0.00000,,,,,
MALARIA_PRES_CASES,Number of presumed malaria cases,https://www.who.int/data/gho/indicator-metadata-registry/imr-details/2239,PUBLISHED,Published,,2010,2010,,SEAR,South-East Asia,,BTN,2010,2010,Bhutan,,51,51.00000,,,,,
MALARIA_PRES_CASES,Number of presumed malaria cases,https://www.who.int/data/gho/indicator-metadata-registry/imr-details/2239,PUBLISHED,Published,,2001,2001,,SEAR,South-East Asia,,BTN,2001,2001,Bhutan,,0,0.00000,,,,,
MALARIA_PRES_CASES,Number of presumed malaria cases,https://www.who.int/data/gho/indicator-metadata-registry/imr-details/2239,PUBLISHED,Published,,2008,2008,,SEAR,South-East Asia,,BTN,2008,2008,Bhutan,,121,121.00000,,,,,
MALARIA_PRES_CASES,Number of presumed malaria cases,https://www.who.int/data/gho/indicator-metadata-registry/imr-details/2239,PUBLISHED,Published,,2011,2011,,SEAR,South-East Asia,,BTN,2011,2011,Bhutan,,13,13.00000,,,,,
MALARIA_PRES_CASES,Number of presumed malaria cases,https://www.who.int/data/gho/indicator-metadata-registry/imr-details/2239,PUBLISHED,Published,,2018,2018,,SEAR,South-East Asia,,BTN,2018,2018,Bhutan,,0,0.00000,,,,,
MALARIA_PRES_CASES,Number of presumed malaria cases,https://www.who.int/data/gho/indicator-metadata-registry/imr-details/2239,PUBLISHED,Published,,2004,2004,,SEAR,South-East Asia,,BTN,2004,2004,Bhutan,,0,0.00000,,,,,
MALARIA_PRES_CASES,Number of presumed malaria cases,https://www.who.int/data/gho/indicator-metadata-registry/imr-details/2239,PUBLISHED,Published,,2014,2014,,SEAR,South-East Asia,,BTN,2014,2014,Bhutan,,0,0.00000,,,,,
MALARIA_PRES_CASES,Number of presumed malaria cases,https://www.who.int/data/gho/indicator-metadata-registry/imr-details/2239,PUBLISHED,Published,,2003,2003,,SEAR,South-East Asia,,BTN,2003,2003,Bhutan,,0,0.00000,,,,,
MALARIA_PRES_CASES,Number of presumed malaria cases,https://www.who.int/data/gho/indicator-metadata-registry/imr-details/2239,PUBLISHED,Published,,2013,2013,,SEAR,South-East Asia,,BTN,2013,2013,Bhutan,,0,0.00000,,,,,
MALARIA_PRES_CASES,Number of presumed malaria cases,https://www.who.int/data/gho/indicator-metadata-registry/imr-details/2239,PUBLISHED,Published,,2007,2007,,SEAR,South-East Asia,,BTN,2007,2007,Bhutan,,0,0.00000,,,,,
MALARIA_PRES_CASES,Number of presumed malaria cases,https://www.who.int/data/gho/indicator-metadata-registry/imr-details/2239,PUBLISHED,Published,,2017,2017,,SEAR,South-East Asia,,BTN,2017,2017,Bhutan,,0,0.00000,,,,,
MALARIA_PRES_CASES,Number of presumed malaria cases,https://www.who.int/data/gho/indicator-metadata-registry/imr-details/2239,PUBLISHED,Published,,2002,2002,,SEAR,South-East Asia,,BTN,2002,2002,Bhutan,,0,0.00000,,,,,
MALARIA_PRES_CASES,Number of presumed malaria cases,https://www.who.int/data/gho/indicator-metadata-registry/imr-details/2239,PUBLISHED,Published,,2012,2012,,SEAR,South-East Asia,,BTN,2012,2012,Bhutan,,0,0.00000,,,,,
MALARIA_RDT_TEST,Number of malaria suspects examined by rapid diagnostic test (RDT),https://www.who.int/data/gho/indicator-metadata-registry/imr-details/2247,PUBLISHED,Published,,2020,2020,,SEAR,South-East Asia,,BTN,2020,2020,Bhutan,,25 276,25276.00000,,,,,
MALARIA_RDT_TEST,Number of malaria suspects examined by rapid diagnostic test (RDT),https://www.who.int/data/gho/indicator-metadata-registry/imr-details/2247,PUBLISHED,Published,,2017,2017,,SEAR,South-East Asia,,BTN,2017,2017,Bhutan,,97 782,97782.00000,,,,,
MALARIA_RDT_TEST,Number of malaria suspects examined by rapid diagnostic test (RDT),https://www.who.int/data/gho/indicator-metadata-registry/imr-details/2247,PUBLISHED,Published,,2018,2018,,SEAR,South-East Asia,,BTN,2018,2018,Bhutan,,113 720,113720.00000,,,,,
MALARIA_RDT_TEST,Number of malaria suspects examined by rapid diagnostic test (RDT),https://www.who.int/data/gho/indicator-metadata-registry/imr-details/2247,PUBLISHED,Published,,2015,2015,,SEAR,South-East Asia,,BTN,2015,2015,Bhutan,,47 938,47938.00000,,,,,
MALARIA_RDT_TEST,Number of malaria suspects examined by rapid diagnostic test (RDT),https://www.who.int/data/gho/indicator-metadata-registry/imr-details/2247,PUBLISHED,Published,,2021,2021,,SEAR,South-East Asia,,BTN,2021,2021,Bhutan,,16 768,16768.00000,,,,,
MALARIA_RDT_TEST,Number of malaria suspects examined by rapid diagnostic test (RDT),https://www.who.int/data/gho/indicator-metadata-registry/imr-details/2247,PUBLISHED,Published,,2016,2016,,SEAR,South-East Asia,,BTN,2016,2016,Bhutan,,95 399,95399.00000,,,,,
MALARIA_RDT_TEST,Number of malaria suspects examined by rapid diagnostic test (RDT),https://www.who.int/data/gho/indicator-metadata-registry/imr-details/2247,PUBLISHED,Published,,2019,2019,,SEAR,South-East Asia,,BTN,2019,2019,Bhutan,,101 002,101002.00000,,,,,
MALARIA_SUSPECTS,Number of suspected malaria cases,https://www.who.int/data/gho/indicator-metadata-registry/imr-details/4633,PUBLISHED,Published,,2009,2009,,SEAR,South-East Asia,,BTN,2009,2009,Bhutan,,62 790,62790.00000,,,,,
MALARIA_SUSPECTS,Number of suspected malaria cases,https://www.who.int/data/gho/indicator-metadata-registry/imr-details/4633,PUBLISHED,Published,,2019,2019,,SEAR,South-East Asia,,BTN,2019,2019,Bhutan,,119 975,119975.00000,,,,,
MALARIA_SUSPECTS,Number of suspected malaria cases,https://www.who.int/data/gho/indicator-metadata-registry/imr-details/4633,PUBLISHED,Published,,2016,2016,,SEAR,South-East Asia,,BTN,2016,2016,Bhutan,,118 841,118841.00000,,,,,
MALARIA_SUSPECTS,Number of suspected malaria cases,https://www.who.int/data/gho/indicator-metadata-registry/imr-details/4633,PUBLISHED,Published,,2006,2006,,SEAR,South-East Asia,,BTN,2006,2006,Bhutan,,66 079,66079.00000,,,,,
MALARIA_SUSPECTS,Number of suspected malaria cases,https://www.who.int/data/gho/indicator-metadata-registry/imr-details/4633,PUBLISHED,Published,,2005,2005,,SEAR,South-East Asia,,BTN,2005,2005,Bhutan,,60 152,60152.00000,,,,,
MALARIA_SUSPECTS,Number of suspected malaria cases,https://www.who.int/data/gho/indicator-metadata-registry/imr-details/4633,PUBLISHED,Published,,2000,2000,,SEAR,South-East Asia,,BTN,2000,2000,Bhutan,,76 445,76445.00000,,,,,
MALARIA_SUSPECTS,Number of suspected malaria cases,https://www.who.int/data/gho/indicator-metadata-registry/imr-details/4633,PUBLISHED,Published,,2021,2021,,SEAR,South-East Asia,,BTN,2021,2021,Bhutan,,25 510,25510.00000,,,,,
MALARIA_SUSPECTS,Number of suspected malaria cases,https://www.who.int/data/gho/indicator-metadata-registry/imr-details/4633,PUBLISHED,Published,,2010,2010,,SEAR,South-East Asia,,BTN,2010,2010,Bhutan,,54 760,54760.00000,,,,,
MALARIA_SUSPECTS,Number of suspected malaria cases,https://www.who.int/data/gho/indicator-metadata-registry/imr-details/4633,PUBLISHED,Published,,2015,2015,,SEAR,South-East Asia,,BTN,2015,2015,Bhutan,,74 087,74087.00000,,,,,
MALARIA_SUSPECTS,Number of suspected malaria cases,https://www.who.int/data/gho/indicator-metadata-registry/imr-details/4633,PUBLISHED,Published,,2001,2001,,SEAR,South-East Asia,,BTN,2001,2001,Bhutan,,65 974,65974.00000,,,,,
MALARIA_SUSPECTS,Number of suspected malaria cases,https://www.who.int/data/gho/indicator-metadata-registry/imr-details/4633,PUBLISHED,Published,,2011,2011,,SEAR,South-East Asia,,BTN,2011,2011,Bhutan,,44 494,44494.00000,,,,,
MALARIA_SUSPECTS,Number of suspected malaria cases,https://www.who.int/data/gho/indicator-metadata-registry/imr-details/4633,PUBLISHED,Published,,2008,2008,,SEAR,South-East Asia,,BTN,2008,2008,Bhutan,,47 389,47389.00000,,,,,
MALARIA_SUSPECTS,Number of suspected malaria cases,https://www.who.int/data/gho/indicator-metadata-registry/imr-details/4633,PUBLISHED,Published,,2018,2018,,SEAR,South-East Asia,,BTN,2018,2018,Bhutan,,133 498,133498.00000,,,,,
MALARIA_SUSPECTS,Number of suspected malaria cases,https://www.who.int/data/gho/indicator-metadata-registry/imr-details/4633,PUBLISHED,Published,,2004,2004,,SEAR,South-East Asia,,BTN,2004,2004,Bhutan,,54 892,54892.00000,,,,,
MALARIA_SUSPECTS,Number of suspected malaria cases,https://www.who.int/data/gho/indicator-metadata-registry/imr-details/4633,PUBLISHED,Published,,2014,2014,,SEAR,South-East Asia,,BTN,2014,2014,Bhutan,,33 586,33586.00000,,,,,
MALARIA_SUSPECTS,Number of suspected malaria cases,https://www.who.int/data/gho/indicator-metadata-registry/imr-details/4633,PUBLISHED,Published,,2003,2003,,SEAR,South-East Asia,,BTN,2003,2003,Bhutan,,61 246,61246.00000,,,,,
MALARIA_SUSPECTS,Number of suspected malaria cases,https://www.who.int/data/gho/indicator-metadata-registry/imr-details/4633,PUBLISHED,Published,,2013,2013,,SEAR,South-East Asia,,BTN,2013,2013,Bhutan,,31 632,31632.00000,,,,,
MALARIA_SUSPECTS,Number of suspected malaria cases,https://www.who.int/data/gho/indicator-metadata-registry/imr-details/4633,PUBLISHED,Published,,2007,2007,,SEAR,South-East Asia,,BTN,2007,2007,Bhutan,,51 446,51446.00000,,,,,
MALARIA_SUSPECTS,Number of suspected malaria cases,https://www.who.int/data/gho/indicator-metadata-registry/imr-details/4633,PUBLISHED,Published,,2017,2017,,SEAR,South-East Asia,,BTN,2017,2017,Bhutan,,120 667,120667.00000,,,,,
MALARIA_SUSPECTS,Number of suspected malaria cases,https://www.who.int/data/gho/indicator-metadata-registry/imr-details/4633,PUBLISHED,Published,,2002,2002,,SEAR,South-East Asia,,BTN,2002,2002,Bhutan,,74 696,74696.00000,,,,,
MALARIA_SUSPECTS,Number of suspected malaria cases,https://www.who.int/data/gho/indicator-metadata-registry/imr-details/4633,PUBLISHED,Published,,2012,2012,,SEAR,South-East Asia,,BTN,2012,2012,Bhutan,,42 512,42512.00000,,,,,
MALARIA_SUSPECTS,Number of suspected malaria cases,https://www.who.int/data/gho/indicator-metadata-registry/imr-details/4633,PUBLISHED,Published,,2020,2020,,SEAR,South-East Asia,,BTN,2020,2020,Bhutan,,31 522,31522.00000,,,,,
MALARIA_TOTAL_CASES,Total number of  malaria cases (presumed + confirmed cases),https://www.who.int/data/gho/indicator-metadata-registry/imr-details/2237,PUBLISHED,Published,,2020,2020,,SEAR,South-East Asia,,BTN,2020,2020,Bhutan,,54,54.00000,,,,,
MALARIA_TOTAL_CASES,Total number of  malaria cases (presumed + confirmed cases),https://www.who.int/data/gho/indicator-metadata-registry/imr-details/2237,PUBLISHED,Published,,2012,2012,,SEAR,South-East Asia,,BTN,2012,2012,Bhutan,,82,82.00000,,,,,
MALARIA_TOTAL_CASES,Total number of  malaria cases (presumed + confirmed cases),https://www.who.int/data/gho/indicator-metadata-registry/imr-details/2237,PUBLISHED,Published,,2002,2002,,SEAR,South-East Asia,,BTN,2002,2002,Bhutan,,6 511,6511.00000,,,,,
MALARIA_TOTAL_CASES,Total number of  malaria cases (presumed + confirmed cases),https://www.who.int/data/gho/indicator-metadata-registry/imr-details/2237,PUBLISHED,Published,,2017,2017,,SEAR,South-East Asia,,BTN,2017,2017,Bhutan,,51,51.00000,,,,,
MALARIA_TOTAL_CASES,Total number of  malaria cases (presumed + confirmed cases),https://www.who.int/data/gho/indicator-metadata-registry/imr-details/2237,PUBLISHED,Published,,2007,2007,,SEAR,South-East Asia,,BTN,2007,2007,Bhutan,,793,793.00000,,,,,
MALARIA_TOTAL_CASES,Total number of  malaria cases (presumed + confirmed cases),https://www.who.int/data/gho/indicator-metadata-registry/imr-details/2237,PUBLISHED,Published,,2013,2013,,SEAR,South-East Asia,,BTN,2013,2013,Bhutan,,45,45.00000,,,,,
MALARIA_TOTAL_CASES,Total number of  malaria cases (presumed + confirmed cases),https://www.who.int/data/gho/indicator-metadata-registry/imr-details/2237,PUBLISHED,Published,,2003,2003,,SEAR,South-East Asia,,BTN,2003,2003,Bhutan,,3 806,3806.00000,,,,,
MALARIA_TOTAL_CASES,Total number of  malaria cases (presumed + confirmed cases),https://www.who.int/data/gho/indicator-metadata-registry/imr-details/2237,PUBLISHED,Published,,2004,2004,,SEAR,South-East Asia,,BTN,2004,2004,Bhutan,,2 670,2670.00000,,,,,
MALARIA_TOTAL_CASES,Total number of  malaria cases (presumed + confirmed cases),https://www.who.int/data/gho/indicator-metadata-registry/imr-details/2237,PUBLISHED,Published,,2014,2014,,SEAR,South-East Asia,,BTN,2014,2014,Bhutan,,48,48.00000,,,,,
MALARIA_TOTAL_CASES,Total number of  malaria cases (presumed + confirmed cases),https://www.who.int/data/gho/indicator-metadata-registry/imr-details/2237,PUBLISHED,Published,,2018,2018,,SEAR,South-East Asia,,BTN,2018,2018,Bhutan,,54,54.00000,,,,,
MALARIA_TOTAL_CASES,Total number of  malaria cases (presumed + confirmed cases),https://www.who.int/data/gho/indicator-metadata-registry/imr-details/2237,PUBLISHED,Published,,2008,2008,,SEAR,South-East Asia,,BTN,2008,2008,Bhutan,,450,450.00000,,,,,
MALARIA_TOTAL_CASES,Total number of  malaria cases (presumed + confirmed cases),https://www.who.int/data/gho/indicator-metadata-registry/imr-details/2237,PUBLISHED,Published,,2011,2011,,SEAR,South-East Asia,,BTN,2011,2011,Bhutan,,207,207.00000,,,,,
MALARIA_TOTAL_CASES,Total number of  malaria cases (presumed + confirmed cases),https://www.who.int/data/gho/indicator-metadata-registry/imr-details/2237,PUBLISHED,Published,,2001,2001,,SEAR,South-East Asia,,BTN,2001,2001,Bhutan,,5 982,5982.00000,,,,,
MALARIA_TOTAL_CASES,Total number of  malaria cases (presumed + confirmed cases),https://www.who.int/data/gho/indicator-metadata-registry/imr-details/2237,PUBLISHED,Published,,2010,2010,,SEAR,South-East Asia,,BTN,2010,2010,Bhutan,,487,487.00000,,,,,
MALARIA_TOTAL_CASES,Total number of  malaria cases (presumed + confirmed cases),https://www.who.int/data/gho/indicator-metadata-registry/imr-details/2237,PUBLISHED,Published,,2021,2021,,SEAR,South-East Asia,,BTN,2021,2021,Bhutan,,23,23.00000,,,,,
MALARIA_TOTAL_CASES,Total number of  malaria cases (presumed + confirmed cases),https://www.who.int/data/gho/indicator-metadata-registry/imr-details/2237,PUBLISHED,Published,,2000,2000,,SEAR,South-East Asia,,BTN,2000,2000,Bhutan,,5 935,5935.00000,,,,,
MALARIA_TOTAL_CASES,Total number of  malaria cases (presumed + confirmed cases),https://www.who.int/data/gho/indicator-metadata-registry/imr-details/2237,PUBLISHED,Published,,2015,2015,,SEAR,South-East Asia,,BTN,2015,2015,Bhutan,,104,104.00000,,,,,
MALARIA_TOTAL_CASES,Total number of  malaria cases (presumed + confirmed cases),https://www.who.int/data/gho/indicator-metadata-registry/imr-details/2237,PUBLISHED,Published,,2005,2005,,SEAR,South-East Asia,,BTN,2005,2005,Bhutan,,1 825,1825.00000,,,,,
MALARIA_TOTAL_CASES,Total number of  malaria cases (presumed + confirmed cases),https://www.who.int/data/gho/indicator-metadata-registry/imr-details/2237,PUBLISHED,Published,,2006,2006,,SEAR,South-East Asia,,BTN,2006,2006,Bhutan,,1 868,1868.00000,,,,,
MALARIA_TOTAL_CASES,Total number of  malaria cases (presumed + confirmed cases),https://www.who.int/data/gho/indicator-metadata-registry/imr-details/2237,PUBLISHED,Published,,2016,2016,,SEAR,South-East Asia,,BTN,2016,2016,Bhutan,,74,74.00000,,,,,
MALARIA_TOTAL_CASES,Total number of  malaria cases (presumed + confirmed cases),https://www.who.int/data/gho/indicator-metadata-registry/imr-details/2237,PUBLISHED,Published,,2019,2019,,SEAR,South-East Asia,,BTN,2019,2019,Bhutan,,42,42.00000,,,,,
MALARIA_TOTAL_CASES,Total number of  malaria cases (presumed + confirmed cases),https://www.who.int/data/gho/indicator-metadata-registry/imr-details/2237,PUBLISHED,Published,,2009,2009,,SEAR,South-East Asia,,BTN,2009,2009,Bhutan,,1 506,1506.00000,,,,,
